"target","segment","tier","email","source_url","status","template","daily_cap_group","last_sent_at","next_send_after","notes"
"AQUA Magazine","Trade media","1","editors@aquamagazine.com","https://www.aquamagazine.com/page/contact-us","replied","trade_media","splashlens","2026-06-24","","Human reply received 2026-07-13 from Laura Carew (laura@aquamagazine.com), cc Jared Fish, subject Follow-Up: FREE Product Opportunity with AQUA Magazine. Gmail id 19f5c306f510019a. AQUA published SplashLens online 2026-07-16 in Products > Business Software: https://www.aquamagazine.com/products/business-software/article/15830162/splashlens-splashlens-field-reference-app-for-pool-spa-and-facility-professionals. Laura reported AQUA Today e-newsletter placement scheduled for 2026-08-18; do not claim completion before verification. Warm editorial thread only; no further cold outreach."
"PoolPro Magazine","Trade media","1","info@kendrickcontent.com","https://poolpromag.com/contact/","sent","trade_media","splashlens","2026-06-11","2026-06-18","Send editorial/newsletter pitch; ask if useful for PoolPro readers."
"Service Industry News","Trade media","1","info@serviceindustrynews.net","https://www.serviceindustrynews.net/contact-us/","replied","trade_media","splashlens","2026-06-24","","Human reply received 2026-07-16 from Carolyn Dibrell, subject Re: Free pool service reference app for code and part lookups, Gmail id 19f6d449ab637b23. Carolyn said SplashLens looks interesting and asked to discuss how Service Industry News can help market it. Joshua replied 2026-07-16 to arrange a call after 9 AM Hawaii time, Gmail id 19f6d6d39a1e2d90. Warm thread only; no further cold outreach."
"Pool Magazine","Trade media","1","editor@poolmagazine.com","https://www.poolmagazine.com/contact-us/","follow-up-sent","trade_media","splashlens","2026-06-24","","Send concise product/news pitch with disclosure language. Follow-up sent 2026-06-24 with PartSnap Proof Library one-real-part/code test ask. Gmail id 19efa47e662d8ad7. No further cold follow-up unless they reply."
"Pool & Spa Marketing","Trade media","1","editor@poolspamarketing.com","https://kenilworth.com/pool-spa-marketing/","follow-up-sent","trade_media","splashlens","2026-07-01","","Sent 2026-06-15 editorial/news pitch; offered free reviewer access for extended scanner/PartSnap flow on request. Follow-up sent 2026-06-24 with PartSnap Proof Library one-real-part/code test ask. Gmail id 19efa480a68b9d5d. No further cold follow-up unless they reply. Unexpected duplicate cold email sent 2026-07-01 during later automation pass despite existing follow-up-sent suppression; Gmail id 19f1e0e13ef048db. Do not send further cold outreach unless they reply."
"Pool Chasers","Podcast/creator","1","poolchasers.greg@gmail.com","https://www.poolchasers.com/contact","follow-up-sent","creator","splashlens","2026-06-24","","Send podcast pitch with sample segment bullets. Follow-up sent 2026-06-24 with PartSnap Proof Library one-real-part/code test ask. Gmail id 19efa483342fc84c. No further cold follow-up unless they reply."
"Talking Pools Podcast / CPO Class","Podcast/creator","1","talkingpools@gmail.com","https://cpoclass.com/swimming-pool-podcast/","follow-up-sent","creator","splashlens","2026-07-02","","Sent 2026-06-15 show-topic pitch to public show inbox; offered free reviewer access on request. PoolPro recognition email sent 2026-07-02 via SMTP fallback with article link and free-use CTA; Gmail API connector remained unavailable, so no Gmail API message id was returned. No BCC."
"Pool Nation","Podcast/creator","1","support@poolnation.com","https://poolnation.com/","follow-up-sent","creator","splashlens","2026-07-02","","Send community/newsletter pitch; offer founder demo. PoolPro recognition email sent 2026-07-02 via SMTP fallback with article link and free-use CTA; Gmail API connector remained unavailable, so no Gmail API message id was returned. No BCC."
"Pool Guy Podcast / David Van Brunt","Podcast/creator","1","David@swimmingpoollearning.com","https://www.swimmingpoollearning.com/","follow-up-sent","creator","splashlens","2026-07-02","","Send creator pitch and ask for honest use-case feedback. PoolPro recognition email sent 2026-07-02 via SMTP fallback with article link and free-use CTA; Gmail API connector remained unavailable, so no Gmail API message id was returned. No BCC."
"Swim University","Podcast/creator","1","matt@swimuniversity.com","https://www.swimuniversity.com/pool-podcast/","follow-up-sent","creator","splashlens","2026-07-02","","Send softer consumer/DIY pitch with disclaimer emphasis. PoolPro recognition email sent 2026-07-02 via SMTP fallback with article link and free-use CTA; Gmail API connector remained unavailable, so no Gmail API message id was returned. No BCC."
"Swimming Pool Steve","Creator/tech educator","1","SwimmingPoolSteve@gmail.com","https://www.swimmingpoolsteve.com/pages/youtube.html","follow-up-sent","creator","splashlens","2026-07-02","","Send creator pitch; ask for candid product feedback before any coverage. PoolPro recognition email sent 2026-07-02 via SMTP fallback with article link and free-use CTA; Gmail API connector remained unavailable, so no Gmail API message id was returned. No BCC."
"Poolonomics","Pool blogger/content","1","content@poolonomics.com","https://poolonomics.com/contact/","bounced","blogger","splashlens","2026-06-11","2026-06-18","Bounced 2026-06-11: content@poolonomics.com address not found. Suppress until a verified replacement contact is found."
"Orenda Technologies Blog","Pool blogger/content","1","info@orendatech.com","https://blog.orendatech.com/","follow-up-sent","blogger","splashlens","2026-07-02","","Send narrow educational pitch; avoid chemistry claims. PoolPro recognition email sent 2026-07-02 via SMTP fallback with article link and free-use CTA; Gmail API connector remained unavailable, so no Gmail API message id was returned. No BCC."
"In The Swim Blog","Pool blogger/content","2","","https://intheswim.com/blog/","needs-contact","blogger","splashlens","","2026-06-12","Use contact form; avoid affiliate or partnership language."
"River Pools Blog","Pool blogger/content","2","","https://www.riverpoolsandspas.com/blog","needs-verification","blogger","splashlens","","2026-06-12","Find current editorial/content contact before sending."
"IPSSA / IPSSAN","Association/newsletter","1","info@ipssa.com","https://ipssa.com/Web/Web/AboutUs/Staff.aspx","follow-up-sent","association","splashlens","2026-07-02","","Send association newsletter pitch; mention no account/card. PoolPro recognition email sent 2026-07-02 via SMTP fallback with article link and free-use CTA; Gmail API connector remained unavailable, so no Gmail API message id was returned. No BCC."
"Pool & Spa News","Trade media","2","jmcclain@kenilworth.com","https://www.poolspanews.com/business/a-brighter-future-for-psn-and-aquatics-intl/","follow-up-sent","trade_media","splashlens","2026-07-02","","Sent 2026-06-16 to Julie McClain after verifying public PSN editor email on the November 11, 2025 Kenilworth transition note. PoolPro recognition email sent 2026-07-02 via SMTP fallback with article link and free-use CTA; Gmail API connector remained unavailable, so no Gmail API message id was returned. No BCC."
"United Pool Association","Association","2","info@unitedpoolassociation.org","https://unitedpoolassociation.org/contact-us/","follow-up-sent","association","splashlens","2026-07-02","","Sent 2026-06-15 association/member-resource pitch; offered chapter walkthrough and free reviewer access on request. PoolPro recognition email sent 2026-07-02 via SMTP fallback with article link and free-use CTA; Gmail API connector remained unavailable, so no Gmail API message id was returned. No BCC."
"PHTA","Association","2","service@phta.org","https://www.phta.org/education-certification/podcasts/","follow-up-sent","association","splashlens","2026-07-02","","Sent 2026-06-16 member-resource/podcast routing pitch; included founder sales-to-service background and solo-operator agility story. PoolPro recognition email sent 2026-07-02 via SMTP fallback with article link and free-use CTA; Gmail API connector remained unavailable, so no Gmail API message id was returned. No BCC."
"Leslie's Pro / Commercial","Distributor/channel","2","commercial@lesl.com","https://lesliespool.com/commercial-services.html","sent","integration_resource","splashlens","2026-06-17","2026-06-24","Sent 2026-06-17 after re-verifying public commercial@lesl.com on the official commercial services page. A separate same-day 09:20 CT batch had already sent this row, so the 09:20 CT outreach in this run became a duplicate same-day resend. Do not follow up before 2026-06-24."
"POOLCORP / SCP / Superior / Horizon","Distributor/channel","2","","https://www.poolcorp.com/contact-us/contact-information/","needs-contact","integration_resource","splashlens","","2026-06-12","Send routing note, not a broad partnership claim."
"Heritage Pool Supply Group","Distributor/channel","2","info@heritagepsg.com","https://www.heritagepoolsupplygroup.com/en/contact-us/","follow-up-sent","integration_resource","splashlens","2026-07-02","","Sent 2026-06-18 after verifying public info@heritagepsg.com on the official contact page. Framed as operator-built field-reference feedback/resource routing for branch, training, or operations teams, not a partnership claim. PoolPro recognition email sent 2026-07-02 via SMTP fallback with article link and free-use CTA; Gmail API connector remained unavailable, so no Gmail API message id was returned. No BCC."
"Trouble Free Pool - current MasterTemp E05 thread","Community/forum","2","","https://www.troublefreepool.com/threads/pentair-master-temp-400.326350/","hold-community","trade_media","splashlens","","2026-06-12","Use only from a real account; lead with troubleshooting caveats."
"Trouble Free Pool - current Pentair 400 issue thread","Community/forum","2","","https://www.troublefreepool.com/threads/pentair-400-issue.326344/","hold-community","trade_media","splashlens","","2026-06-12","Do not post promotional copy; answer the issue first."
"Reddit r/pools - Pentair MasterTemp E05 thread","Community/forum","2","","https://www.reddit.com/r/pools/comments/1nyqhhe/pentair_mastertemp_250_e05_error/","hold-community","trade_media","splashlens","","2026-06-12","Use authenticated account; disclose relationship."
"Swimming Pool Industry Workers","Facebook group","2","","https://www.facebook.com/groups/172176220135240/","hold-community","trade_media","splashlens","","2026-06-12","DM admins first; do not drop link cold."
"The Pool Professional Forum","Facebook group","2","","https://www.facebook.com/groups/307670614180132/","hold-community","trade_media","splashlens","","2026-06-12","Join/verify rules, ask admin permission."
"Swimming Pool Service and Repair Techs","Facebook group","2","","https://www.facebook.com/groups/Pooltechs/","hold-community","trade_media","splashlens","","2026-06-12","Join/verify rules, ask admin permission."
"Service Industry News social media directory","Community directory","2","","https://www.serviceindustrynews.net/2020/09/15/pool-spa-social-media-directory-20200915093533/","needs-verification","trade_media","splashlens","","2026-06-12","Extract group names, then verify live rules and admins."
"Chlorine King Pool Service","Creator/tech business","2","office@chlorinekingpools.com","https://www.chlorinekingpools.com/contacts/","follow-up-sent","creator","splashlens","2026-08-21","2026-08-28","Sent 2026-06-15 show/tech-audience pitch; offered free reviewer access on request. Note: separate host/show email erik@chlorinekingpools.com was sent 2026-06-23 after no address-level Gmail history was found, but this is same-organization repeat exposure. Sent 2026-08-21 closing-season field challenge follow-up; Gmail id 1a0249426102f20d."
"MJ The Pool Pro","Creator/influencer","2","bluestreetpools@gmail.com","https://www.instagram.com/poolpr0mj/","follow-up-sent","creator","splashlens","2026-07-02","","Verified public creator/business contact from source listing; sent 2026-06-23 creator-feedback note with conservative reference-not-diagnosis framing. Gmail id 19ef4dac3a46f192. PoolPro recognition email sent 2026-07-02 via SMTP fallback with article link and free-use CTA; Gmail API connector remained unavailable, so no Gmail API message id was returned. No BCC."
"Pool Magazine advertising/sponsored route","Trade media/paid","2","sales@poolmagazine.com","https://www.poolmagazine.com/contact-us/","hold-proof-needed","trade_media","splashlens","","2026-06-12","Do not buy placement until app analytics show useful engagement."
"PoolPro newsletter/editorial route","Trade media/newsletter","2","info@kendrickcontent.com","https://poolpromag.com/contact/","covered-by-sent","trade_media","splashlens","2026-06-11","2026-06-18","Covered by PoolPro Magazine first-wave email to info@kendrickcontent.com on 2026-06-11."
"SCP local branches","Distributor/local","3","","https://www.scppool.com/contact-us","hold-proof-needed","integration_resource","splashlens","","2026-06-12","Prepare one-page flyer and analytics summary first."
"Leslie's regional commercial centers","Distributor/local","3","","https://lesliespool.com/commercial-services.html","hold-proof-needed","integration_resource","splashlens","","2026-06-12","Build printable one-pager and contact one regional lead."
"Heritage Pool Supply regional branches","Distributor/local","3","","https://www.heritagepoolsupplygroup.com/","hold-proof-needed","integration_resource","splashlens","","2026-06-12","Identify 5 high-density pool markets before sending."
"IPSSA local chapters","Association/local","3","","https://ipssa.com/","needs-verification","association","splashlens","","2026-06-12","Find relevant chapter newsletters/admins."
"PHTA / PSP Expo media or education route","Event/media","3","","https://www.phta.org/","needs-verification","trade_media","splashlens","","2026-06-12","Find current PSP/PHTA media contact."
"Pool Volution","Creator long-tail","3","","https://www.youtube.com/","needs-verification","creator","splashlens","","2026-06-12","Verify active channel/contact and audience fit."
"Elite Pool Plumbing","Creator long-tail","3","","https://www.youtube.com/","needs-verification","creator","splashlens","","2026-06-12","Verify current public business contact."
"Orange County Pool Solutions","Creator long-tail","3","","https://www.youtube.com/","needs-verification","creator","splashlens","","2026-06-12","Verify current public contact and avoid scraped personal info."
"Pool Specialists / Craig Wooster","Creator long-tail","3","","https://www.reddit.com/","needs-verification","creator","splashlens","","2026-06-12","Verify identity/contact before outreach."
"Skimmer","Pool service software","2","sales@getskimmer.com","https://www.getskimmer.com/contact-us","follow-up-sent","integration_resource","splashlens","2026-07-02","","Sent 2026-06-18 to the verified public sales@getskimmer.com contact page email. Framed as operator-built field-reference feedback/resource routing and avoided official partnership or competitor claims. PoolPro recognition email sent 2026-07-02 via SMTP fallback with article link and free-use CTA; Gmail API connector remained unavailable, so no Gmail API message id was returned. No BCC."
"Pool Brain","Pool service software","2","team@poolbrain.com","https://www.poolbrain.com/terms-of-service/","replied","integration_resource","splashlens","2026-07-02","","Sent 2026-06-17 after verifying public team@poolbrain.com on the official terms page. Framed as operator-built field-reference feedback/resource routing and avoided competitor posture. PoolPro recognition email sent 2026-07-02 via SMTP fallback with article link and free-use CTA; Gmail API connector remained unavailable, so no Gmail API message id was returned. No BCC. Received holiday auto-reply from Brain Bot on 2026-07-03; not a complaint, unsubscribe, or negative reply. Auto-reply received 2026-07-03 from Brain Bot/team@poolbrain.com for PoolPro recognition thread: office closed July 3 for Independence Day and support resumes July 6; suppress future cold outreach unless a human reply creates a warm route."
"Paythepoolman","Pool service software","2","support@paythepoolman.com","https://www.paythepoolman.com/","follow-up-sent","integration_resource","splashlens","2026-07-02","","Sent 2026-06-17 after re-verifying public support@paythepoolman.com on the official site. Framed as feedback/resource routing, not a partnership claim. PoolPro recognition email sent 2026-07-02 via SMTP fallback with article link and free-use CTA; Gmail API connector remained unavailable, so no Gmail API message id was returned. No BCC."
"Pool Office Manager","Pool service software","2","help@poolofficemanager.com","https://poolofficemanager.com/support","replied","integration_resource","splashlens","2026-06-17","2026-06-24","Sent 2026-06-17 after verifying public help@poolofficemanager.com on the official support page. Automated acknowledgement received 2026-06-17 from techsupport@poolofficemanager.com; no follow-up until there is a human reply or a new reason to reach out."
"Pool Service Software (PSS)","Pool service software","2","info@poolservice.software","https://www.poolservice.software/term-of-use","sent","integration_resource","splashlens","2026-06-16","2026-06-23","Sent 2026-06-16 after verifying public contact email on the site terms page; framed as product-feedback/resource routing, not partnership. Duplicate same-day resend at 07:21 CT after branch queue drift was discovered late; do not follow up before 2026-06-23."
"PHTA / GENESIS Education","Training/certification","2","","https://www.phta.org/genesis/","needs-verification","integration_resource","splashlens","","2026-06-12","Ask for education/contact route; do not imply certification alignment."
"Pentair Pool University","Manufacturer education","2","knowledge@pentair.com","https://www.pentair.com/en-us/pool-spa/education-support/professional-support/pentair-pool-university.html","sent","integration_resource","splashlens","2026-07-15","2026-07-22","Verified current Pentair Pool University page on 2026-07-01; page lists knowledge@pentair.com. Keep as a future manufacturer-training guardrail route. Do not send before 2026-07-15 because Pentair-owned Pleatco was contacted on 2026-07-01. Sent 2026-07-15 by explicit user override of bounce-window pause; one-to-one Gmail id 19f67fe0c49e973c. No endorsement, diagnosis, warranty, fitment, or partnership claim. Follow-up only after fresh reply/bounce/suppression sweep."
"Hayward University / Training Events","Manufacturer education","2","","https://www.hayward.com/hayward-university","needs-verification","integration_resource","splashlens","","2026-06-12","Use support/contact path; ask for training/technical feedback route."
"United Aqua Group","Buying group","2","hello@unitedaquagroup.com","https://unitedaquagroup.com/contact/","follow-up-sent","integration_resource","splashlens","2026-07-02","","Sent 2026-06-16 to the verified public hello@ route; framed as member-resource routing and asked for the right education or operations contact if another inbox is better. PoolPro recognition email sent 2026-07-02 via SMTP fallback with article link and free-use CTA; Gmail API connector remained unavailable, so no Gmail API message id was returned. No BCC."
"Carecraft","Buying group","2","admin@carecraft.com","https://www.carecraft.com/contact-us/","sent","integration_resource","splashlens","2026-06-16","2026-06-23","Sent 2026-06-16 after verifying public admin email on the contact page; framed as member-resource routing without partnership claims. Duplicate same-day resend at 07:21 CT after branch queue drift was discovered late; do not follow up before 2026-06-23."
"Pool Scouts","Franchise/service network","2","inquiries@poolscouts.com","https://poolscouts.com/why-choose-pool-scouts/","follow-up-sent","integration_resource","splashlens","2026-07-02","","Sent 2026-06-16 to the public inquiries@ route shown with the general support email on the official site; framed as service-team feedback/resource routing, not a partnership claim. PoolPro recognition email sent 2026-07-02 via SMTP fallback with article link and free-use CTA; Gmail API connector remained unavailable, so no Gmail API message id was returned. No BCC."
"ASP - America's Swimming Pool Company","Franchise/service network","2","","https://www.authoritybrands.com/our-brands/asp-americas-swimming-pool-company/","needs-verification","integration_resource","splashlens","","2026-06-12","Find current franchise/corporate operations contact."
"Poolwerx USA","Franchise/service network","2","service@poolwerx.com","https://www.poolwerx.com/contact-us/","follow-up-sent","integration_resource","splashlens","2026-07-02","","Sent 2026-06-16 after verifying public service@ contact on the official contact page; framed as service-team feedback/resource routing, not franchise-sales outreach. PoolPro recognition email sent 2026-07-02 via SMTP fallback with article link and free-use CTA; Gmail API connector remained unavailable, so no Gmail API message id was returned. No BCC."
"Western Pool & Spa Show","Trade show","3","info@westernshow.com","https://www.westernshow.com/Questions-and-Answers","follow-up-sent","trade_media","splashlens","2026-07-02","","Sent 2026-06-16 after verifying general show contact on the Q&A/contact page; framed as attendee education/resource routing. PoolPro recognition email sent 2026-07-02 via SMTP fallback with article link and free-use CTA; Gmail API connector remained unavailable, so no Gmail API message id was returned. No BCC."
"Everything Under the Sun Expo / FSPA","Trade show","3","Jessica@FSPA.com","https://s36.a2zinc.net/clients/fspa/opss2026/public/content.aspx?ID=2941&sortMenu=101000","sent","integration_resource","splashlens","2026-07-02","","Send only after one-pager and screenshots; ask for right expo/media contact. PoolPro recognition email sent 2026-07-02 via SMTP fallback with article link and free-use CTA; Gmail API connector remained unavailable, so no Gmail API message id was returned. No BCC."
"Southwest Pool & Spa Show","Trade show","3","christi@mpire-group.com","https://www.swpsshow.com/contact/","follow-up-sent","trade_media","splashlens","2026-07-02","","Sent 2026-06-17 after verifying Christi Jones public exhibitor/attendee operations contact on the official show contact page. Framed as attendee education/resource routing, not sponsorship. PoolPro recognition email sent 2026-07-02 via SMTP fallback with article link and free-use CTA; Gmail API connector remained unavailable, so no Gmail API message id was returned. No BCC."
"Pool & Spa Show / NESPA","Trade show","3","info@thepoolspashow.com","https://www.thepoolspashow.com/nespa2025/Public/Content.aspx?ID=4404&sortMenu=101019","follow-up-sent","trade_media","splashlens","2026-07-02","","Sent 2026-06-16 after verifying the public show contact page; framed as education/media routing for attendee resource fit. PoolPro recognition email sent 2026-07-02 via SMTP fallback with article link and free-use CTA; Gmail API connector remained unavailable, so no Gmail API message id was returned. No BCC."
"Pool Magazine trade show calendar","Trade show/media calendar","3","","https://www.poolmagazine.com/news/trade-shows/pool-tradeshows-industry-events/","needs-verification","trade_media","splashlens","","2026-06-12","Add show deadlines to outreach calendar."
"The Deep End Pool Podcast","Podcast/creator","1","deependfrank@gmail.com","https://thedeependpoolpodcast.com/","follow-up-sent","creator","splashlens","2026-07-02","","Sent 2026-06-15 podcast pitch; offered free reviewer access on request. PoolPro recognition email sent 2026-07-02 via SMTP fallback with article link and free-use CTA; Gmail API connector remained unavailable, so no Gmail API message id was returned. No BCC."
"Pool Envy Podcast","Podcast/creator","2","poolenvy@poolenvywi.com","https://www.poolenvywi.com/the-pool-envy-podcast-green-bay-wisconsin/","follow-up-sent","creator","splashlens","2026-07-02","","Sent 2026-06-15 code/compliance-aware podcast pitch; offered free reviewer access on request. PoolPro recognition email sent 2026-07-02 via SMTP fallback with article link and free-use CTA; Gmail API connector remained unavailable, so no Gmail API message id was returned. No BCC."
"Rule Your Pool Podcast","Podcast/creator","2","ruleyourpool@gmail.com","https://podcasts.apple.com/us/podcast/rule-your-pool/id1519290428","follow-up-sent","creator","splashlens","2026-07-02","","Sent 2026-06-15 conservative education/topic pitch; offered free reviewer access on request. Company Orenda was already contacted separately. PoolPro recognition email sent 2026-07-02 via SMTP fallback with article link and free-use CTA; Gmail API connector remained unavailable, so no Gmail API message id was returned. No BCC."
"PoolDial / Pool People Podcast","Podcast/software","2","contact@pooldial.com","https://pooldial.com/resources/pool-people","follow-up-sent","creator","splashlens","2026-07-02","","Sent 2026-06-16 founder/product-feedback pitch; included solo-operator agility story without naming/attacking competitors. PoolPro recognition email sent 2026-07-02 via SMTP fallback with article link and free-use CTA; Gmail API connector remained unavailable, so no Gmail API message id was returned. No BCC."
"The Pool Operators Club","Podcast/training","2","contact@pooloperators.club","https://www.pooloperatorsclub.com/","follow-up-sent","association","splashlens","2026-07-02","","Sent 2026-06-16 smaller-operator/resource pitch; included founder background and conservative reference-not-diagnosis framing. PoolPro recognition email sent 2026-07-02 via SMTP fallback with article link and free-use CTA; Gmail API connector remained unavailable, so no Gmail API message id was returned. No BCC."
"Florida Swimming Pool Association Education","Association/training","2","Education@FSPA.com","https://fspa.com/pool-pros/education/","replied","association","splashlens","2026-06-17","2026-06-24","Sent 2026-06-17 after re-verifying public Education@FSPA.com on the official education page. Automated acknowledgement received 2026-06-17; inbox is monitored intermittently, so hold until there is a human reply or a stronger expo/media route."
"NESPA Update Newsletter / Association Route","Association/newsletter","2","info@nespapool.org","https://www.nespapool.org/NESPA-Membership/Update-Newsletter/ArtMID/1068/ArticleID/54/IS-YOUR-POOL-PROFESSIONAL","follow-up-sent","association","splashlens","2026-07-02","","Sent 2026-06-17 after re-verifying public info@nespapool.org on the official Update Newsletter page; framed as newsletter/resource routing and avoided show partnership claims. PoolPro recognition email sent 2026-07-02 via SMTP fallback with article link and free-use CTA; Gmail API connector remained unavailable, so no Gmail API message id was returned. No BCC."
"Pool Operation Management","Training/CPO provider","2","info@pooloperationmanagement.com","https://pooloperationmanagement.com/certified-pool-operator-nj-contact-us/","follow-up-sent","association","splashlens","2026-07-02","","Sent 2026-06-17 after re-verifying public contact email on the official contact page; asked for instructor feedback on free reference-app fit for CPO/service students. PoolPro recognition email sent 2026-07-02 via SMTP fallback with article link and free-use CTA; Gmail API connector remained unavailable, so no Gmail API message id was returned. No BCC."
"Pool Training Academy","Training/CPO provider","2","info@pooltrainingacademy.com","https://pooltrainingacademy.com/pages/contact-us","follow-up-sent","association","splashlens","2026-07-02","","Sent 2026-06-17 after re-verifying public contact email on the official contact page; framed as education-feedback oriented with no certification or endorsement implication. PoolPro recognition email sent 2026-07-02 via SMTP fallback with article link and free-use CTA; Gmail API connector remained unavailable, so no Gmail API message id was returned. No BCC."
"Aquatic Training Institute","Training/certification","3","info@aquatictraininginstitute.com","https://aquatictraininginstitute.com/","follow-up-sent","association","splashlens","2026-07-02","","Sent 2026-06-18 to the verified public training contact email. Framed as field-reference feedback for technician education, not certification alignment. PoolPro recognition email sent 2026-07-02 via SMTP fallback with article link and free-use CTA; Gmail API connector remained unavailable, so no Gmail API message id was returned. No BCC."
"NC Pool School","Training/certification","3","info@ncpoolschool.com","https://ncpoolschool.com/","follow-up-sent","association","splashlens","2026-07-02","","Sent 2026-06-18 to the verified public training email on the official site. Framed as a practical reference tool for CPO students and working operators. PoolPro recognition email sent 2026-07-02 via SMTP fallback with article link and free-use CTA; Gmail API connector remained unavailable, so no Gmail API message id was returned. No BCC."
"Space Coast Pool School / CPOCertified","Training/podcast","3","info@cpocertified.com","https://cpocertified.com/contact/","replied","association","splashlens","2026-06-19","2026-06-26","Sent 2026-06-19 to verified public contact email; routed as CPO training / Let's Talk About Pools feedback with no certification, partnership, or endorsement claim. Positive inbound reply from Lauren Broom received 2026-06-22: interested, asked to talk and what it would include. Joshua replied 2026-06-22 with site, web app, iOS App Store link, Google Play pending status, and training-layer discussion. Gmail sent id 19ef02e43af6e4a9. Removed from cold-drip follow-up."
"Pool Certs","Training/certification","3","chad@poolcerts.com","https://poolcerts.com/online-cpo-certification/","follow-up-sent","association","splashlens","2026-07-02","","Sent 2026-06-19 to verified public instructor contact email on the official online CPO course page; framed as education and field-reference feedback only. PoolPro recognition email sent 2026-07-02 via SMTP fallback with article link and free-use CTA; Gmail API connector remained unavailable, so no Gmail API message id was returned. No BCC."
"Aquatic Council","Training/certification","3","tim@aquaticcouncil.com","https://www.aquaticcouncil.com/contact/","replied","association","splashlens","2026-07-27","2026-09-08","Sent 2026-06-19 after verifying Tim Auerhahn media/speaking contact on the official Aquatic Council contact page. Positive inbound reply received 2026-06-19 asking about free-resource and monetization plans; Joshua replied in-thread. Marked replied 2026-06-22; do not follow up as cold drip. Fresh human reply received 2026-07-04 from Tim: still interested and has a flexible week; this is a warm scheduling thread, not cold drip. Fresh 2026-07-07 reply from Tim confirmed Thursday 11:00 AM Eastern call and provided cell; Joshua replied same day that he would call from a 309 area code. Gmail inbound id 19f3dfc668d07bbe; Joshua reply id 19f3e248f5010b91. Warm prep note sent 2026-07-09 before the 11:00 Eastern call with live app link and training/service-program discussion points; Gmail id 19f47355ca6f65a1. Warm calendar follow-up sent 2026-07-27 with July 29-31 Eastern-time windows and a focused pilot discussion ask; Gmail id 19fa3ed03df36ee4. Tim replied 2026-07-27 that high-priority projects had taken over his schedule and asked Joshua to reconnect in September. Joshua sent a gracious same-thread acknowledgement; Gmail id 19fa4ac211c5dea9. Hold all outreach until 2026-09-08; keep as a warm lead only, never cold drip."
"IPSSAN Newsletter editorial route","Association/newsletter","3","editor@ipssa.com","https://www.ipssa.com/","follow-up-sent","association","splashlens","2026-07-02","","Added and sent 2026-06-19 after verifying public IPSSAN newsletter inquiry route on the official IPSSA homepage. Separate from prior info@ipssa.com send; do not follow up before 2026-06-26. PoolPro recognition email sent 2026-07-02 via SMTP fallback with article link and free-use CTA; Gmail API connector remained unavailable, so no Gmail API message id was returned. No BCC."
"Underwater Pool Masters CPO Courses","Training/certification","3","office@underwaterpools.com","https://www.underwaterpools.com/cpo-courses/","follow-up-sent","association","splashlens","2026-07-02","","Added and sent 2026-06-19 after verifying public CPO course contact on the official page. Framed as CPO/student field-reference feedback only. PoolPro recognition email sent 2026-07-02 via SMTP fallback with article link and free-use CTA; Gmail API connector remained unavailable, so no Gmail API message id was returned. No BCC."
"The Training Center CPO","Training/certification","3","info@thetrainingcenter.com","https://www.thetrainingcenter.com/cpo","follow-up-sent","association","splashlens","2026-07-01","","Verified public CPO page/footer email; sent 2026-06-19 as CPO student field-reference feedback route. Gmail id 19ee04073d190a1d. Same-day cap already had five sends from overlapping batch; treat as overflow and do not follow up before 2026-06-26. Unexpected duplicate cold email sent 2026-07-01 during later automation pass despite prior sent status; Gmail id 19f1e0e3622fe129. Treat the duplicate as the one cold follow-up already spent; do not send further cold outreach unless they reply."
"American Spa & Pool Pros","Association","3","","https://asapponline.com/contact/","needs-verification","association","splashlens","","2026-06-20","Future queue expansion target; official contact form found, verify public email or form-send policy before outreach."
"SpaRetailer","Trade media","3","editorial@kendrickcontent.com","https://sparetailer.com/meet-the-2026-sparetailer-insiders/","replied","trade_media","splashlens","2026-06-23","","Verified SpaRetailer editorial route from current site page listing editorial@kendrickcontent.com; sent 2026-06-23 trade-media/product-feedback note. Bethany Branscum replied 2026-06-24 from Kendrick Content saying PoolPro could include it and asked for a press release/write-up. Joshua replied 2026-06-25 with the write-up plus a Google Play live-link correction. Treat as warm press thread, not cold drip. Gmail thread id 19ef4daa8f9e4f59."
"Ultra Pool","Training/commercial pool service","3","info@ultrapool.net","https://www.ultrapool.net/contact","follow-up-sent","association","splashlens","2026-07-02","","Verified public contact page email with CPO training context; sent 2026-06-19 as pool-operator field-reference feedback route. Gmail id 19ee040759794290. Same-day cap already had five sends from overlapping batch; treat as overflow and do not follow up before 2026-06-26. PoolPro recognition email sent 2026-07-02 via SMTP fallback with article link and free-use CTA; Gmail API connector remained unavailable, so no Gmail API message id was returned. No BCC."
"Pool Shark H2O","Pool operator software/education","3","support@poolsharkh2o.com","https://blog.poolsharkh2o.com/cpo-certification","follow-up-sent","software","splashlens","2026-07-02","","Verified public support email on CPO education content; sent 2026-06-19 as narrow field-reference workflow feedback route. Gmail id 19ee0407775aa912. Same-day cap already had five sends from overlapping batch; treat as overflow and do not follow up before 2026-06-26. PoolPro recognition email sent 2026-07-02 via SMTP fallback with article link and free-use CTA; Gmail API connector remained unavailable, so no Gmail API message id was returned. No BCC."
"Tropical Aquatic Pool Education / The Pool Class","Training/certification","3","","https://www.thepoolclass.com/cpo-class/","needs-verification","association","splashlens","","2026-06-20","CPO provider verified; find direct public email before sending."
"PHTA Pool Professionals Podcast","Podcast/association","3","marketing@phta.org","https://www.phta.org/education-certification/podcasts/","sent","trade_media","splashlens-unlocked-send-2026-07-14","2026-07-14","","Podcast page re-verified on 2026-07-09; page exposes marketing@phta.org and service@phta.org. Exact Gmail history found no marketing@phta.org messages, but service@phta.org already has prior exposure, so used media/training feedback angle only. Sent unlocked one-to-one plain-text service-proof note on 2026-07-14; Gmail id 19f6124f9708380d. No endorsement, partnership, certification, diagnosis, or code-compliance claim."
"The Pool Deck by Skimmer","Software community/newsletter","3","community@getskimmer.com","https://thepooldeck.getskimmer.com/news-trends-training-3","follow-up-sent","software","splashlens","2026-07-02","","Verified The Pool Deck community page lists community@getskimmer.com for questions and is distinct from prior Skimmer sales route. Sent 2026-06-22 as community/resource feedback routing; no partnership or endorsement claim. Gmail id 19eefb246f8aab4e. PoolPro recognition email sent 2026-07-02 via SMTP fallback with article link and free-use CTA; Gmail API connector remained unavailable, so no Gmail API message id was returned. No BCC."
"National Plasterers Council","Association/training","3","mail@npconline.org","https://www.npconline.org/page/contact-npc","sent","association","splashlens","2026-06-18","2026-06-25","Sent 2026-06-18 after verifying public NPC contact email on the official contact page. Framed as field-reference/tool feedback for surface and start-up tech education, not general pool diagnosis. A separate same-day 09:20 CT batch had already sent this row, so the 09:22 CT outreach in this run became a duplicate same-day resend. Do not follow up before 2026-06-25."
"Watershape University / WaterShapes","Training/media","2","info@watershape.org","https://watershape.org/","follow-up-sent","association","splashlens","2026-07-02","","Added 2026-06-18 after verifying public info@watershape.org on the official Watershape University site. Sent a service-education/editorial routing note framed as a free no-account field-reference app, not a diagnosis tool or partnership ask. PoolPro recognition email sent 2026-07-02 via SMTP fallback with article link and free-use CTA; Gmail API connector remained unavailable, so no Gmail API message id was returned. No BCC."
"Pool Spa Patio Expo","Trade show","2","client.services@poolspapatio.com","https://www.poolspapatio.com/experience/contact-us/","follow-up-sent","trade_media","splashlens","2026-08-21","2026-08-28","Added 2026-06-18 after verifying public client.services@poolspapatio.com on the official show contact page. Sent an attendee-education/resource routing note with no sponsorship, endorsement, or partnership claim. A separate same-day 09:20 CT batch had already sent this row, so the 09:22 CT outreach in this run became a duplicate same-day resend. Sent 2026-08-21 closing-season field proof workflow follow-up; Gmail id 1a024944968169cb."
"Pool & Spa Apprenticeship and Training Committee","Training/apprenticeship","2","ATC@POOLAPPRENTICESHIP.COM","https://www.poolapprenticeship.com/","follow-up-sent","association","splashlens","2026-07-02","","Added 2026-06-18 after verifying public ATC@POOLAPPRENTICESHIP.COM on the official apprenticeship site. Sent a practical apprentice/instructor resource note with conservative reference-not-diagnosis language. PoolPro recognition email sent 2026-07-02 via SMTP fallback with article link and free-use CTA; Gmail API connector remained unavailable, so no Gmail API message id was returned. No BCC."
"Talking Pools / CPOClass media route","Podcast/training media","2","rudy@cpoclass.com","https://cpoclass.com/swimming-pool-podcast/","follow-up-sent","trade_media","splashlens","2026-07-02","","Added after verifying current Talking Pools media page lists rudy@cpoclass.com for media and sponsorship inquiries. Sent 2026-06-22 as podcast/training feedback route; noted industry-magazine highlight without claiming award or endorsement. Gmail id 19eefb29caf3f339. PoolPro recognition email sent 2026-07-02 via SMTP fallback with article link and free-use CTA; Gmail API connector remained unavailable, so no Gmail API message id was returned. No BCC."
"Apartment Association of Greater Augusta CPO course","Training/apartment association","3","office@aagaonline.com","https://www.aagaonline.com/events/certified-pool-operator-624-625-2025","follow-up-sent","association","splashlens","2026-07-02","","Added after verifying AAGA CPO course page and public office@aagaonline.com cancellation/contact email. Sent 2026-06-22 as supplemental CPO/maintenance reference feedback route; no certification or endorsement claim. Gmail id 19eefb2a1311d379. PoolPro recognition email sent 2026-07-02 via SMTP fallback with article link and free-use CTA; Gmail API connector remained unavailable, so no Gmail API message id was returned. No BCC."
"Apartment Association of Southern Colorado CPO course","Training/apartment association","3","maria@aaschq.org","https://www.aaschq.org/events/certified-pool-operator-cpo-course---mar-2026","follow-up-sent","association","splashlens","2026-07-02","","Added after verifying AASC CPO course listing plus contact page email for Maria Curtis. Sent 2026-06-22 as education-feedback routing for apartment maintenance/pool operators; no certification or endorsement claim. Gmail id 19eefb2a25770d14. PoolPro recognition email sent 2026-07-02 via SMTP fallback with article link and free-use CTA; Gmail API connector remained unavailable, so no Gmail API message id was returned. No BCC."
"Texas Association of Campgrounds CPO class","Training/campground association","3","info@texascampgrounds.com","https://members.tacomembers.com/events/Details/certified-pool-operators-class-1687899?sourceTypeId=Hub","follow-up-sent","association","splashlens","2026-07-02","","Added after verifying TACO CPO class page and official contact page email info@texascampgrounds.com. Sent 2026-06-22 as operator-training feedback/resource routing; no certification or endorsement claim. Gmail id 19eefb2a569849f3. PoolPro recognition email sent 2026-07-02 via SMTP fallback with article link and free-use CTA; Gmail API connector remained unavailable, so no Gmail API message id was returned. No BCC."
"Pool Pro Podcast","Podcast/training media","3","poolpropod@gmail.com","https://podbay.fm/p/pool-pro-podcast","follow-up-sent","trade_media","splashlens","2026-07-02","","Verified current public podcast/workshop contact listing showing poolpropod@gmail.com; sent 2026-06-23 podcast/training feedback note. Gmail id 19ef4da71585007d. PoolPro recognition email sent 2026-07-02 via SMTP fallback with article link and free-use CTA; Gmail API connector remained unavailable, so no Gmail API message id was returned. No BCC."
"Pool Nation Awards","Awards/community media","3","contact@poolnationawards.com","https://poolnationawards.com/","bounced","trade_media","splashlens","2026-06-23","","Verified 2026 Pool Nation Awards contact page listing contact@poolnationawards.com; sent 2026-06-23 resource-routing note with no award, endorsement, or partnership claim. Gmail id 19ef4da8fe1c3167. Gmail bounce received 2026-06-23 14:20 UTC: 550 No Such User Here. Suppressed from future sends unless a new verified contact route is found."
"Chlorine King Pool Service Show","Creator/tech business","3","erik@chlorinekingpools.com","https://chlorinekingpodcast.com/about-us/","sent","creator","splashlens","2026-06-23","2026-06-30","Verified public show email from Chlorine King podcast page and no address-level Gmail history; sent 2026-06-23 field-reference feedback note. Same organization had prior office@chlorinekingpools.com outreach on 2026-06-15; treat as same-org repeat exposure and do not follow up cold unless they reply. Gmail id 19ef4dadfaf929b9."
"Mystery Part Lab - creator challenge wave","Creator/media challenge","1","","https://splashlens.com/mystery-part-lab.html","needs-verification","mystery_part_challenge","splashlens","","2026-06-24","Research 10 more pool podcasts, YouTube creators, newsletter editors, and tech educators with current public contact paths. Pitch one weird part/code challenge, not generic coverage."
"Pentair training/product support route","Manufacturer verification","2","","https://www.pentair.com/en-us/contact-us.html","needs-verification","manufacturer_verification","splashlens","","2026-06-24","Find current pool product training/support/media route before outreach. Ask what proof techs should capture for partner-verified cards; no manufacturer approval claim."
"Hayward pool product/training route","Manufacturer verification","2","","https://www.hayward-pool.com/shop/en/pools/contact-us","needs-verification","manufacturer_verification","splashlens","","2026-06-24","Find current product/training/support contact before outreach. Position as conservative field-proof feedback for PartSnap and error lookup."
"Fluidra / Jandy product education route","Manufacturer verification","2","","https://www.fluidrausa.com/contact-us","needs-verification","manufacturer_verification","splashlens","","2026-06-24","Find current Jandy/Zodiac/Polaris product education or support route. Ask for proof requirements, not endorsement."
"Raypak technical training route","Manufacturer verification","2","warranty@raypak.com","https://www.raypak.com/technical-resources/portals/","follow-up-sent","manufacturer_verification","splashlens","2026-08-21","2026-08-28","Verified public Raypak portals page and public warranty@raypak.com on 2026-06-25. Use as a routing ask for pool heater technical/training feedback, not as a warranty claim or endorsement ask. Sent 2026-06-30 one-to-one manufacturer verification/routing ask. Gmail id 19f1935410e73ddf. Sent 2026-08-21 closing-season heater proof/support follow-up; Gmail id 1a024946bef1ce82."
"AquaCal training/support route","Manufacturer verification","2","customersupport@aquacal.com","https://archive.aquacal.com/troubleshooting/","sent","manufacturer_verification","splashlens","2026-07-10","","Sent 2026-07-10 via Gmail id 19f4c653ea9334e0 after live-site and recipient-history checks. Later reconciliation found the already-recorded 2026-07-05 Fluidra remove request still inside the rules lookback, so this was not a clean compliant send. No automated cold follow-up."
"Maytronics Dolphin media/training route","Manufacturer verification","2","","https://maytronicsus.com/contact-us/","needs-verification","manufacturer_verification","splashlens","","2026-06-24","Verify current contact path for robotic cleaner education/media/support. Frame around Mystery Part Lab robot submissions."
"Waterway Plastics support/training route","Manufacturer verification","3","waterway@waterwayplastics.com","https://waterwayplastics.com/product/contact-us/","follow-up-sent","parts_accessories","splashlens-creative-lanes","2026-07-02","","Verified public Waterway contact email. Asked for pump/filter/valve/lid/basket/union/fitting proof feedback; no endorsement claim. Sent 2026-06-25. Gmail id 19efcb8243e0c45a. No follow-up before 2026-06-29; suppress if they reply, bounce, or request removal. PoolPro recognition email sent 2026-07-02 via SMTP fallback with article link and free-use CTA; Gmail API connector remained unavailable, so no Gmail API message id was returned. No BCC."
"CMP / Brilliant Wonders lighting route","Manufacturer verification","3","","https://www.c-m-p.com/support/support-options/","needs-contact","manufacturer_verification","splashlens","","2026-07-08","Verified official CMP support options page on 2026-07-08; page returned 200 and exposes product-support / Tech Select routing but no public email in curl-visible body. Re-open the official support path before any send. Frame around lighting, valves, water features, and no official claim without review."
"S.R.Smith pool lighting/product route","Manufacturer verification","3","","https://www.srsmith.com/en-us/contact-us/","needs-contact","manufacturer_verification","splashlens","","2026-07-12","Verified official S.R.Smith contact page on 2026-07-10; page returned 200 and exposes an official contact form, but no clean public email was visible in curl-readable body. Good lane for lighting, niche, transformer, ladder, and safety-disclaimer proof prompts. Re-open the official contact path before any send."
"PAL Lighting product support route","Manufacturer verification","3","","https://www.pallighting.com/contact-us/","needs-contact","manufacturer_verification","splashlens","","2026-07-12","Verified official PAL Lighting contact page on 2026-07-10 after redirect to pallighting.com/contact-us/; page returned 200 and exposes an official contact form, but no clean public email was visible in curl-readable body. Good lane for lighting, niche, transformer, and controller proof prompts. Re-open the official contact path before any send."
"SCP / POOLCORP branch education route","Distributor counter","2","","https://www.poolcorp.com/contact-us/","needs-verification","distributor_counter","splashlens","","2026-06-24","Find appropriate local branch, education, or media route before sending. Ask if PartSnap packets reduce vague counter lookup requests."
"Heritage Pool Supply Group branch route","Distributor counter","2","","https://www.heritagepoolsupplygroup.com/contact-us/","needs-verification","distributor_counter","splashlens","","2026-06-24","Verify current regional branch or education route. Avoid duplicate Heritage outreach; check Gmail first."
"Independent distributor wave","Distributor counter","2","","https://splashlens.com/mystery-part-lab.html","needs-verification","distributor_counter","splashlens","","2026-06-24","Research independent pool distributors by region with public counter/contact emails. Pitch cleaner vendor packets and Mystery Part Lab."
"Pool service business coach wave","Software/community","2","","https://splashlens.com","needs-verification","software_community","splashlens","","2026-06-24","Research pool-service coaches, route consultants, and service owner communities with public contact paths. Frame as field-reference layer, not CRM replacement."
"Founding Field Tester wave","Field tester","2","","https://app.splashlens.com","needs-verification","field_tester","splashlens","","2026-06-24","Research tech-forward solo operators and senior techs with public business contact paths. Invite one part/code/workflow test; no endorsement ask."
"Fluidra / Jandy / Polaris / Zodiac","Manufacturer","1","productsupport@fluidra.com","https://www.fluidrapro.com/en/contact-us","suppressed","manufacturer_feedback","splashlens-creative-lanes","2026-07-02","","DO NOT CONTACT. Removal request received 2026-07-05 from Kapri / Fluidra WCS Support: not interested, remove from email list. Previously sent 2026-06-25 Gmail id 19efcb802509707b and PoolPro recognition email 2026-07-02 via SMTP fallback. Suppressed all future SplashLens outreach to productsupport@fluidra.com and this Fluidra/Jandy/Polaris/Zodiac row unless they initiate."
"Maytronics / Dolphin","Manufacturer","1","","https://www.maytronics.com/en-us/support-dolphin.html","research-needed","manufacturer_partner","splashlens-manufacturers","","","Support page verified with phone/chat routes; find media/training/product email before sending. Robot coverage and PartSnap proof packet fit."
"Taylor Technologies","Manufacturer","1","","https://taylortechnologies.com/pages/about-us","research-needed","manufacturer_partner","splashlens-manufacturers","","","Water testing authority; frame as logging/reference workflow, not replacing Taylor instructions or calibrated testing."
"CMP / Custom Molded Products","Manufacturer","1","","https://www.c-m-p.com/support/support-options/","research-needed","manufacturer_partner","splashlens-manufacturers","","","Support/options page verified. Strong fit for lighting, sanitizers, parts, lids, drains, and rep/distributor route."
"Hayward Pool Products","Manufacturer","1","","https://www.hayward.com/support/support-center","research-needed","manufacturer_partner","splashlens-manufacturers","","","Support center verified. Find pro/PR/training contact before sending; fit for pumps, heaters, automation, salt, lighting."
"Pentair Pool","Manufacturer","1","","https://www.pentair.com/en-us/education-support/contact-us/pool-spa-equipment-customer-service.html","research-needed","manufacturer_partner","splashlens-manufacturers","","","Official pool/spa customer service route verified with support request and pool support phone. Fit for IntelliFlo/MasterTemp/automation."
"Raypak","Manufacturer","1","","https://www.raypak.com/about-us/contact-us/","research-needed","manufacturer_partner","splashlens-manufacturers","","","Official contact page verified for technical support, warranty, partner services, and pool sales rep routes. Fit for heater troubleshooting."
"AquaCal AutoPilot","Manufacturer","1","","https://aquacal.com/guides-to-problem-solve/","research-needed","manufacturer_partner","splashlens-manufacturers","","","Official problem-solve/contact page verified. Fit for heat pumps, chillers, AutoPilot salt systems, sizing and service notes."
"CCEI North America / Vigipool","Manufacturer verification","2","info-na@ccei-pool.com","https://www.ccei-pool.com/en-us/blog/we-re-in-aqua-magazine","sent","manufacturer_verification","splashlens-unlocked-send-2026-07-14","2026-07-14","","Verified official CCEI North America page on 2026-07-08; page returned 200 and exposed info-na@ccei-pool.com. Sent unlocked one-to-one plain-text connected-pool proof prompt note on 2026-07-14; Gmail id 19f61252b8b84420. No endorsement, diagnosis, warranty, fitment, or compliance claim."
"Pinch A Penny","Retail / Service Network","2","","https://pinchapenny.com/","research-needed","retail_service_network","splashlens-manufacturers","","","Find franchise/service/training route. Strong channel for retail counters and service tech reference workflow."
"HornerXpress / Team Horner","Distributor / Training","2","LCastanza@teamhorner.com","https://teamhorner.com/wp-content/uploads/2024/06/th-newsletter-june-2024.pdf","sent","distributor_training","splashlens-manufacturers","2026-06-30","2026-07-04","Official Team Horner June 2024 newsletter lists Laura Castanza as Director of Education at LCastanza@teamhorner.com. Good counter-support, CE, and training-feedback lane. No current same-address SplashLens send found in Gmail. Sent 2026-06-30 one-to-one distributor/training feedback ask. Gmail id 19f19355fc4fd081."
"Premier Pool Service / Premier Pools","Service Network","2","","https://premierpoolservice.com/","research-needed","service_network","splashlens-manufacturers","","","Find operations/training contact. Pitch as callback reduction and apprentice reference workflow."
"NRPA AFO","Training / Association","2","","https://www.nrpa.org/certification/AFO/","research-needed","training_association","splashlens-manufacturers","","","Commercial operator training lane. Keep compliance framing conservative and ask for feedback only."
"CMAHC / MAHC Network","Standards / Association","2","","https://www.cmahc.org/","research-needed","standards_association","splashlens-manufacturers","","","Public-health/standards lane. Do not imply certification; ask about safe reference language and training gaps."
"Chemical education wave","Chemical / Training","1","","https://www.orendatech.com/","research-needed","chemical_education","splashlens-creative-lanes","","","Research HASA/Orenda, BioGuard/BioLab, Natural Chemistry/NC Brands, Lo-Chlor, Taylor/LaMotte contacts. Ask for calculator/reference guardrail feedback; no label-direction replacement claims."
"Jack's Magic","Chemical / Stain specialist","1","jacksmagic@jacksmagic.com","https://jacksmagic.com/","follow-up-sent","chemical_education","splashlens-creative-lanes","2026-08-21","2026-08-28","Official Jack's Magic site lists jacksmagic@jacksmagic.com with technical product information and stain-specialist resources. Good lane for stain-ID workflow guardrails and treatment-sequencing language. Avoid guarantee or diagnosis claims. Sent 2026-06-30 one-to-one chemical/stain workflow guardrail feedback ask. Gmail id 19f19357e8e24085. Sent 2026-08-21 closing-season stain/chemistry proof follow-up; Gmail id 1a02494073fe6f9d."
"PoolRx","Chemical / Algae-prevention","1","cs@poolrx.com","https://www.poolrx.com/","follow-up-sent","chemical_education","splashlens-creative-lanes","2026-08-21","2026-08-28","Official PoolRx site footer lists cs@poolrx.com. Good lane for mineral/algae-prevention guardrails and reference-language feedback. Avoid efficacy guarantees or sanitizer-replacement claims. Sent 2026-06-30 one-to-one algae-prevention/chemical workflow guardrail feedback ask. Gmail id 19f1935a5081e7b2. Sent 2026-08-21 closing-season support/proof follow-up; Gmail id 1a02493e6223a81a."
"GLB Pool Care","Chemical / Troubleshooting","2","","https://glbpool.com/contact/","needs-verification","chemical_education","splashlens-creative-lanes","","2026-06-26","Official GLB contact page and pool-care helpline verified on 2026-06-25, but no public email was visible on the page. Use the official form/helpline path for future troubleshooting-guardrail outreach."
"Parts and accessories wave","Parts / Accessories","1","","https://waterwayplastics.com/products/","research-needed","parts_accessories","splashlens-creative-lanes","","","Research Waterway, Praher/Magic Plastics, Pleatco/Unicel/Filbur, S.R.Smith, PAL, J&J, Intermatic, AquaStar. Pitch PartSnap edge cases and proof prompts."
"Loop-Loc","Covers / Safety accessories","1","Consumers@LoopLoc.com","https://www.looploc.com/contact-us","replied","parts_accessories","splashlens-creative-lanes","2026-06-30","","Official Loop-Loc contact page lists Consumers@LoopLoc.com. Good safety-cover lane for measurements, anchors, hardware, and proof-photo prompts. Avoid safety certification or fitment-guarantee claims. Sent 2026-06-30 one-to-one cover hardware proof-prompt feedback ask. Gmail id 19f1935c4f2cb1d1. Automated routing reply arrived 2026-06-30 from the same address, said the mailbox is not monitored, and pointed back to dealer/support links. Treat as replied/auto-routed unless a human route opens. Gmail thread id 19f1935d98cc9dc8."
"Distributor counter demo wave","Distributor counter","1","","https://www.poolcorp.com/contact-us/","research-needed","distributor_counter","splashlens-creative-lanes","","","Research SCP/POOLCORP, Heritage, HornerXpress, Pool Equipment & Supply, independent branches. Pitch cleaner counter packets for mystery parts."
"Buying group and chapter wave","Association / Buying Group","2","","https://unitedaquagroup.com/","research-needed","association_buying_group","splashlens-creative-lanes","","","Research United Aqua Group, IPSSA chapters, UPA chapters, PHTA/CPSA chapters. Pitch member-resource demo or chapter education item."
"Pool podcast creator wave","Podcast / Creator","1","","https://poolnation.podbean.com/","research-needed","podcast_creator","splashlens-creative-lanes","","","Research Pool Nation, Talking Pools, Pool Chasers, Pool Guy Podcast, Deep End, Pool Magazine Podcast, PoolFoo, Between Two Stops, Chlorine King. Pitch practical field-tool segment."
"Builder renovation documentation wave","Builder / Renovation","3","","https://thursdaypools.com/","research-needed","builder_renovation","splashlens-creative-lanes","","","Research Thursday Pools, Leisure Pools, Latham, covers/liners/tile/water-feature brands. Future-facing proof-log lane; avoid current equipment overclaims."
"Facility operator training wave","Facility / Commercial Operator","2","","https://www.nrpa.org/certification/AFO/","research-needed","facility_training","splashlens-creative-lanes","","","Research aquatic directors, park districts, YMCAs/JCCs, hotel/resort maintenance, apartment/HOA facilities. Pitch free reference and training gap feedback."
"Pool software consultant wave","Software / Consultant","2","","https://splashlens.com/","research-needed","software_consultant","splashlens-creative-lanes","","","Research pool CRM consultants and service-business coaches. Frame SplashLens as field-reference layer, not CRM replacement."
"AquaStar Pool Products","Parts / Safety accessories","1","Info@aquastarpoolproducts.com","https://www.aquastarpoolproducts.com/support","follow-up-sent","parts_accessories","splashlens-creative-lanes","2026-07-02","","Verified public AquaStar email. Asked for conservative field-proof feedback around drains, fittings, covers, and accessory parts; no endorsement claim. Sent 2026-06-25. Gmail id 19efcb845263f34f. No follow-up before 2026-06-29; suppress if they reply, bounce, or request removal. PoolPro recognition email sent 2026-07-02 via SMTP fallback with article link and free-use CTA; Gmail API connector remained unavailable, so no Gmail API message id was returned. No BCC."
"Intermatic Pool Support","Controls / Lighting support","1","poolsupport@intermatic.com","https://support.intermatic.com/hc/en-us/articles/41597599560347-How-do-I-Submit-a-Warranty-Claim-for-a-Replacement-Item","replied","controls_accessories","splashlens-creative-lanes","2026-06-25","","Verified public pool equipment support email. Asked for field-reference feedback around timers, controls, labels, transformers, and proof photos; no endorsement claim. Sent 2026-06-25. Intermatic auto-acknowledgement/ticket #167005 arrived 2026-06-25. Treat as replied/acknowledged and do not send additional cold follow-up unless a human route opens. Gmail id 19efcb8638770632."
"LaMotte Technical Service","Water testing / Technical support","1","tech@lamotte.com","https://waterlinkspintouch.com/support.html","follow-up-sent","chemical_testing","splashlens-creative-lanes","2026-07-02","","Verified public LaMotte technical-service email from WaterLink Spin Touch support page. Asked for water-testing workflow guardrails; no endorsement claim. Sent 2026-06-25. Gmail id 19efcb88070a7fdd. No follow-up before 2026-06-29; suppress if they reply, bounce, or request removal. PoolPro recognition email sent 2026-07-02 via SMTP fallback with article link and free-use CTA; Gmail API connector remained unavailable, so no Gmail API message id was returned. No BCC."
"HASA service-pro support","Chemical / Service support","1","info@hasapool.com","https://hasa.com/contact/","follow-up-sent","chemical_education","splashlens-creative-lanes","2026-07-01","","Verified public HASA contact page and public info@hasapool.com on 2026-06-25. Fits chemical and water-balance guardrail feedback. Avoid same-day duplicate with Orenda-connected routes and do not imply endorsement. Sent 2026-07-01 one-to-one chemistry/reference workflow guardrail feedback ask. Gmail id 19f1e0d1b568a65a. Additional same-day duplicate email sent during later automation pass after the repo had already been updated; Gmail id 19f1e0dc13016926. Treat the duplicate as the one cold follow-up already spent; do not send further cold outreach unless they reply."
"Pleatco filtration routing","Parts / Filtration","2","Pleatco_IA_Info@Pentair.com","https://www.pleatcofiltration.com/contact","follow-up-sent","parts_accessories","splashlens-creative-lanes","2026-07-01","","Verified public Pleatco contact page and public Pleatco_IA_Info@Pentair.com on 2026-06-25. Current site is Pentair-owned Pleatco filtration; use for filtration-family proof and routing questions only, not a broad pool-manufacturer endorsement ask. Sent 2026-07-01 one-to-one filter-cartridge proof prompt feedback ask. Gmail id 19f1e0d1e2ee9ac0. Additional same-day duplicate email sent during later automation pass after the repo had already been updated; Gmail id 19f1e0defa9e0014. Treat the duplicate as the one cold follow-up already spent; do not send further cold outreach unless they reply."
"Paramount Pool & Spa Systems","In-floor / Water-treatment systems","2","paramount@1paramount.com","https://www.1paramount.com/support/contact/","sent","parts_accessories","splashlens-creative-lanes","2026-07-01","2026-07-05","Verified live official Paramount contact page on 2026-07-01; page lists paramount@1paramount.com. Good lane for in-floor cleaning, UV/ozone, drain, valve, and proof-photo prompts. Ask for feedback/routing only; no endorsement, diagnosis, safety-certification, warranty, or fitment claim. Sent 2026-07-01 one-to-one in-floor/water-treatment proof prompt feedback ask. Gmail id 19f1e0d23a6f6fd9."
"Water Tech Pool Blaster support","Pool cleaner / Vacuum support","2","CustomerCare@watertechcorp.com","https://watertechcorp.com/pages/contact-us","sent","parts_accessories","splashlens-creative-lanes","2026-07-01","2026-07-05","Verified live official Water Tech contact page on 2026-07-01; page lists CustomerCare@watertechcorp.com. Good lane for cordless pool-cleaner proof prompts and support-routing feedback. Ask for feedback/routing only; no endorsement, diagnosis, warranty, or fitment claim. Sent 2026-07-01 one-to-one pool-cleaner support-case proof feedback ask. Gmail id 19f1e0d27abcf7be."
"J AND L Pool Service","Field tester / Service operator","3","info@jandlpool.com","https://www.jandlpool.com/Accessibility?domain=jandlpool","sent","field_tester","splashlens-creative-lanes","2026-07-01","2026-07-05","Verified current public J AND L Pool Service page on 2026-07-01; page lists info@jandlpool.com and CPO Certified/in-ground pool specialist positioning. Sent 2026-07-01 one-to-one field tester/PartSnap proof feedback ask. Gmail id 19f1e0e582ba3c2e. No endorsement, diagnosis, warranty, or fitment claim."
"Aiper robot support","Pool cleaner / Robot support","2","service@aiper.com","https://www.aiper.com/pages/contact-us","sent","parts_accessories","splashlens-creative-lanes","2026-07-01","2026-07-05","Verified live official Aiper contact page on 2026-07-01; page lists service@aiper.com. Good robot-cleaner lane for proof-photo, part-clue, and support-routing feedback. Ask for feedback/routing only; no endorsement, diagnosis, warranty, or fitment claim. Sent 2026-07-01 one-to-one robotic-cleaner proof prompt feedback ask. Gmail id 19f1e0eee934c560. Sent after concurrent same-day automation had already pushed July 1 beyond the intended cap; do not send any more SplashLens cold email on 2026-07-01."
"Beatbot robot support","Pool cleaner / Robot support","2","service@beatbot.com","https://beatbot.com/pages/contact-us","sent","parts_accessories","splashlens-creative-lanes","2026-07-02","2026-07-06","Verified live official Beatbot contact page on 2026-07-01; page lists service@beatbot.com. Good future robot-cleaner lane for proof-photo, error-code, and support-routing feedback. Avoid endorsement, diagnosis, warranty, or fitment claims. Sent 2026-07-02 one-to-one robotic-cleaner proof prompt feedback ask. Gmail id 19f2335ce24759c6."
"SLCC Certified Registered Pool Operator","Training/CPO provider","2","mykel.severson@slcc.edu","https://www.slcc.edu/workforce-training/program/certified-pool-operator.aspx","sent","training_cpo","splashlens-training","2026-07-02","2026-07-06","Verified live SLCC Certified Registered Pool Operator page on 2026-07-02; page lists Mykel Severson and mykel.severson@slcc.edu for course wait-list contact. Sent 2026-07-02 one-to-one training feedback ask using PartSnap proof-library hook. Gmail id 19f2335ef4e81e4e. No certification, endorsement, diagnosis, or code-compliance claim."
"South Carolina Pool Guy Trainers","Training/CPO provider","2","Poolguytrainers@gmail.com","https://des.sc.gov/programs/bureau-water/recreational-waters/sc-pool-operator-record","sent","training_cpo","splashlens-training","2026-07-02","2026-07-06","Verified live South Carolina Pool Operator of Record training-provider page on 2026-07-02; page lists Pool Guy Trainers and Poolguytrainers@gmail.com. Sent 2026-07-02 one-to-one training feedback ask using PartSnap proof-library hook. Gmail id 19f23360cb3dc7b2. No certification, endorsement, diagnosis, or code-compliance claim."
"Texas Public Pool Council classes","Training/association","2","info@tppc.org","https://www.tppc.org/classes.html","sent","training_cpo","splashlens-training","2026-07-02","2026-07-06","Verified live TPPC classes page on 2026-07-02; page asks training providers to email info@tppc.org and lists CPO/AFO classes. Sent 2026-07-02 one-to-one training/classes feedback ask using PartSnap proof-library hook. Gmail id 19f23362daf58158. No endorsement, official alignment, diagnosis, or code-compliance claim."
"NRPA AFO certification route","Training/AFO provider","3","EGonzales@nrpa.org","https://health.maryland.gov/phpa/oehfp/chs/documents/pool%20documents/pool%20operator%20courses%20approved%20by%20mdh_01_07_21.pdf","sent","training_cpo","splashlens-daily-growth-loop-2026-07-20","2026-08-25","2026-09-01","Reverified 2026-07-20 against the Maryland Department of Health approved aquatic-operator-courses PDF, which lists Elizabeth Gonzales at EGonzales@nrpa.org for the NRPA Aquatic Facility Operator course. Exact Gmail recipient-history search found no messages. Use operator-training/resource feedback angle only. Sent 2026-08-25 one-to-one closing-season/training workflow ask; Gmail id 1a03a4ea3d8ca941. No BCC; no endorsement, diagnosis, code-compliance, or certification claim."
"WYBOT robot support","Pool cleaner / Robot support","2","support@wybotpool.com","https://www.wybotpool.com/pages/contact","follow-up-sent","parts_accessories","splashlens-deep-prospecting","2026-07-03","","Verified live official WYBOT contact page on 2026-07-02; page lists support@wybotpool.com and current robot/skimmer lines including C2 Vision, S2 Solar Vision, S3, and F1. Good robot lane for PartSnap proof-photo and support-routing feedback. No endorsement, warranty, diagnosis, or fitment claim. Sent 2026-07-03 with PartSnap proof-library/support-feedback ask; Gmail id 19f285977324d070. Sent 2026-07-03 via Gmail controlled drip with conservative PartSnap/field-test ask; Gmail id 19f2859565fa0a2f. No BCC; no endorsement, partnership, diagnosis, warranty, or fitment claim. Duplicate same-day July 3 send reconciliation: Gmail confirmed two one-to-one SplashLens emails to this address during concurrent drift on 2026-07-03, so treat the address as follow-up-spent and do not send additional cold outreach unless they reply."
"Betta robotic skimmer support","Pool cleaner / Robot support","2","info@bettabot.com","https://bettabot.com/pages/contact","follow-up-sent","parts_accessories","splashlens-deep-prospecting","2026-07-03","","Verified live official Betta contact page on 2026-07-02; page lists info@bettabot.com plus warranty, repair, parts, and dealer routes. Good robotic-skimmer lane for PartSnap, replacement-part clue, and proof-photo workflow feedback. No endorsement, warranty, diagnosis, or fitment claim. Sent 2026-07-03 with PartSnap proof-library/support-feedback ask; Gmail id 19f2859796b7aac7. Sent 2026-07-03 via Gmail controlled drip with conservative PartSnap/field-test ask; Gmail id 19f285974508504e. No BCC; no endorsement, partnership, diagnosis, warranty, or fitment claim. Duplicate same-day July 3 send reconciliation: Gmail confirmed two one-to-one SplashLens emails to this address during concurrent drift on 2026-07-03, so treat the address as follow-up-spent and do not send additional cold outreach unless they reply."
"Ask the Pool Guy","Creator/tech educator","2","team@askthepoolguy.com","https://askthepoolguy.com/careers/","follow-up-sent","creator","splashlens-deep-prospecting","2026-07-03","","Verified live Ask the Pool Guy site on 2026-07-02; public header and career copy list team@askthepoolguy.com. Strong video/education and field-tech audience. Use PoolPro recognition and free app CTA; ask for practical tech feedback only. No endorsement or partnership claim. Sent 2026-07-03 with PartSnap proof-library creator/education feedback ask; Gmail id 19f28597c5752561. Sent 2026-07-03 via Gmail controlled drip with conservative PartSnap/field-test ask; Gmail id 19f28599590e2010. No BCC; no endorsement, partnership, diagnosis, warranty, or fitment claim. Duplicate same-day July 3 send reconciliation: Gmail confirmed two one-to-one SplashLens emails to this address during concurrent drift on 2026-07-03, so treat the address as follow-up-spent and do not send additional cold outreach unless they reply."
"Pool Service Techs LLC","Field tester / Service operator","3","info@poolservicetechs.com","https://poolservicetechs.com/","follow-up-sent","field_tester","splashlens-deep-prospecting","2026-07-03","","Verified live site on 2026-07-02; page lists info@poolservicetechs.com, CPO positioning, cleaning, equipment diagnostic, repair, install, and renovation services. Good real-world field tester candidate for PartSnap, scanner, proof notes, and time-back workflow feedback. Sent 2026-07-03 with one-PartSnap-result field-test ask; Gmail id 19f28597fbe657ed. Sent 2026-07-03 via Gmail controlled drip with conservative PartSnap/field-test ask; Gmail id 19f2859b08779662. No BCC; no endorsement, partnership, diagnosis, warranty, or fitment claim. Duplicate same-day July 3 send reconciliation: Gmail confirmed two one-to-one SplashLens emails to this address during concurrent drift on 2026-07-03, so treat the address as follow-up-spent and do not send additional cold outreach unless they reply."
"The Pool Guy BCS","Field tester / Service operator","3","sean@thepoolguybcs.com","https://thepoolguybcs.com/","follow-up-sent","field_tester","splashlens-deep-prospecting","2026-07-03","","Verified live site on 2026-07-02; Sean Hawthorne page lists sean@thepoolguybcs.com and describes service, construction, retail, Polaris in-store repairs, and a phone-controlled 100000-gallon project. Good builder/service/retail counter perspective. Sent 2026-07-03 with one-PartSnap-result service/retail/build feedback ask; Gmail id 19f2859820574e0d. Sent 2026-07-03 via Gmail controlled drip with conservative PartSnap/field-test ask; Gmail id 19f2859c8762c86a. No BCC; no endorsement, partnership, diagnosis, warranty, or fitment claim. Duplicate same-day July 3 send reconciliation: Gmail confirmed two one-to-one SplashLens emails to this address during concurrent drift on 2026-07-03, so treat the address as follow-up-spent and do not send additional cold outreach unless they reply."
"MYPOOLGUY.COM Texas","Field tester / Service operator","3","office@mypoolguy.com","https://mypoolguy.com/weekly-pool-cleaning-service-rockwall-greenville-royse-city/","sent","field_tester","splashlens-deep-prospecting","2026-07-03","2026-07-07","Verified live MYPOOLGUY.COM page on 2026-07-02; page lists office@mypoolguy.com and weekly service with equipment checks, photos, and email reports. Good proof/passport and time-back feedback lane for service operators. Sent 2026-07-03 via Gmail controlled drip with field-tester proof/passport feedback ask; Gmail id 19f285ba7e6e96ef. No BCC; no endorsement, partnership, diagnosis, warranty, or fitment claim. Earlier in the day, separate committed July 3 automation output had already spent the 5-email SplashLens daily cap on other recipients, so this address counts toward the same over-cap day. Do not send more SplashLens cold outreach on 2026-07-03."
"Pool Covers Inc.","Covers / Safety accessories","2","customerservice@poolcoversinc.com","https://poolcoversinc.com/troubleshooting-guide-for-automatic-pool-covers-in-sacramento-bay-areas/","sent","parts_accessories","splashlens-deep-prospecting","2026-07-03","2026-07-07","Verified live Pool Covers Inc. troubleshooting/contact page on 2026-07-02; page lists customerservice@poolcoversinc.com and automatic cover issues including alignment, water accumulation, electrical problems, motors, tracks, fabrics, and cover pumps. Good cover-troubleshooting corpus and partner-card lane. Sent 2026-07-03 via Gmail controlled drip with conservative pool-cover field-card feedback ask; Gmail id 19f285bdc1e18ee2. No BCC; no endorsement, partnership, diagnosis, warranty, or fitment claim. Earlier in the day, separate committed July 3 automation output had already spent the 5-email SplashLens daily cap on other recipients, so this address counts toward the same over-cap day. Do not send more SplashLens cold outreach on 2026-07-03."
"Riptide Pool Vacuum Systems","Pool cleaner / Vacuum support","2","sales@riptidevac.com","https://www.riptidevac.com/pages/contact-us","sent","parts_accessories","splashlens-deep-prospecting","2026-07-03","2026-07-07","Verified public Riptide contact/search result on 2026-07-02; contact page lists sales@riptidevac.com for customer service, sales, warranty, and repair. Good commercial pool-vacuum lane for part IDs, battery/power issues, and proof-photo workflow feedback. Sent 2026-07-03 via Gmail controlled drip with conservative vacuum-part proof-feedback ask; Gmail id 19f285bf55fb4948. No BCC; no endorsement, partnership, diagnosis, warranty, or fitment claim. Earlier in the day, separate committed July 3 automation output had already spent the 5-email SplashLens daily cap on other recipients, so this address counts toward the same over-cap day. Do not send more SplashLens cold outreach on 2026-07-03."
"Pooltek Services","Field tester / Service operator","3","service@pooltek.com","https://www.pooltek.com/contact-us/","sent","field_tester","splashlens-deep-prospecting","2026-07-03","2026-07-07","Verified live Pooltek contact page on 2026-07-02; page lists service@pooltek.com and service, equipment, specialty, construction, and Pool School routes. Good commercial/residential operator feedback route for field-proof, error-code, and training-mode workflows. Sent 2026-07-03 via Gmail controlled drip with field-tester service-team workflow feedback ask; Gmail id 19f285bc119b7911. No BCC; no endorsement, partnership, diagnosis, warranty, or fitment claim. Earlier in the day, separate committed July 3 automation output had already spent the 5-email SplashLens daily cap on other recipients, so this address counts toward the same over-cap day. Do not send more SplashLens cold outreach on 2026-07-03."
"Pools.shop ecommerce","Distributor / Parts ecommerce","3","global@pools.shop","https://www.pools.shop/en/contact","sent","distributor","splashlens-deep-prospecting","2026-07-03","2026-07-07","Verified live pools.shop contact page on 2026-07-02; page lists global@pools.shop and product-range, supplier, cooperation, marketing, social media, and feedback routes. Lower priority global distributor/ecommerce lane for catalog/parts taxonomy and affiliate/cooperation feedback. Sent 2026-07-03 via Gmail controlled drip with conservative distributor/counter feedback ask; Gmail id 19f285c106f5a2c2. No BCC; no endorsement, partnership, diagnosis, warranty, or fitment claim. Earlier in the day, separate committed July 3 automation output had already spent the 5-email SplashLens daily cap on other recipients, so this address counts toward the same over-cap day. Do not send more SplashLens cold outreach on 2026-07-03."
"Blue Square Manufacturing","Parts / Lighting / Cleaning","2","info@bluesquaremfg.com","https://www.bluesquaremfg.com/contact-us/","sent","parts_accessories","splashlens-deep-prospecting","2026-07-04","2026-07-08","Verified live official Blue Square contact page on 2026-07-03; page lists info@bluesquaremfg.com. Good lane for in-floor cleaning, LED lighting, drain, and replacement-part proof feedback. No endorsement, warranty, diagnosis, or fitment claim. Source URL rechecked 2026-07-04 returned 200. Sent 2026-07-04 one-to-one PartSnap proof examples feedback ask. Gmail id 19f2d806901f43aa."
"Waterco USA","Manufacturer / Filtration / Valves","2","sales@waterco.us","https://waterco.us/contact-us","sent","manufacturer_verification","splashlens-deep-prospecting","2026-07-04","2026-07-08","Verified live official Waterco USA contact page on 2026-07-03; page lists sales@waterco.us. Good lane for filtration, valves, sanitization, and service-proof routing feedback. No endorsement, warranty, diagnosis, or fitment claim. Source URL rechecked 2026-07-04 returned 200. Sent 2026-07-04 one-to-one filtration/valve proof feedback ask. Gmail id 19f2d806af0e1780."
"OREQ","Manufacturer / Water Features / Fabrication","2","salessupport@oreqcorp.com","https://oreqcorp.com/contactus","sent","manufacturer_verification","splashlens-deep-prospecting","2026-07-04","2026-07-08","Verified live official OREQ contact page on 2026-07-03; page lists salessupport@oreqcorp.com. Good lane for replacement parts, water features, ladders, rails, and dealer-routing feedback. No endorsement, warranty, diagnosis, or fitment claim. Source URL rechecked 2026-07-04 returned 200. Sent 2026-07-04 one-to-one replacement-part routing feedback ask. Gmail id 19f2d806e44b2a14."
"King Technology / FROG","Chemical / Water Care / Training","2","Customer.Service@KingTechnology.com","https://partners.kingtechnology.com/wp-content/uploads/2024/12/2025-FROG-Product-Catalog_Emailable.pdf","sent","chemical_education","splashlens-deep-prospecting","2026-07-04","2026-07-08","Verified official 2025 FROG product catalog PDF on 2026-07-03; the PDF lists Customer.Service@KingTechnology.com. Good lane for mineral, chlorine, and water-care workflow guardrail feedback. Avoid efficacy, diagnosis, or sanitizer-replacement claims. Source URL rechecked 2026-07-04 returned 200. Sent 2026-07-04 one-to-one water-care guardrail feedback ask. Gmail id 19f2d8072f7d9d17."
"PoolZoom customer support","Distributor / Parts ecommerce","3","help@poolzoom.com","https://support.poolzoom.com/hc/en-us/articles/19789979126807-Shipping-Damage-Policy","replied","distributor","splashlens-deep-prospecting","2026-07-04","","Verified official PoolZoom support article on 2026-07-03; the article lists help@poolzoom.com for customer support. Good lane for parts taxonomy, replacement-part proof prompts, and ecommerce-routing feedback. No endorsement, warranty, diagnosis, or fitment claim. Source URL recheck 2026-07-04 returned 403 to curl, but row retained prior official verification note. Sent 2026-07-04 one-to-one parts-proof-before-checkout feedback ask. Gmail id 19f2d807443e2e59. Automated Zendesk/ticket replies received 2026-07-04 and 2026-07-06 from PoolZoom; do not send cold follow-up unless a human reply creates a warm route."
"Coates Heater","Manufacturer / Electric pool heaters","2","info@coatesheater.com","https://coatesheater.com/contact/","sent","manufacturer_verification","splashlens-deep-prospecting","2026-07-04","2026-07-08","Official Coates Heater contact page body was reachable on 2026-07-04 and listed info@coatesheater.com, even though HEAD checks returned 406. Good lane for electric pool heater part labels, model plates, proof-photo prompts, and field-support documentation. Sent 2026-07-04 one-to-one pool-heater proof feedback ask after exact Gmail history returned no prior messages; Gmail id 19f2d815fc17f19e. This send occurred after an overlapping pass had already sent five July 4 SplashLens emails, so July 4 final truth is six total sends and over the checked-in 5/day cap."
"Pure Swim / Rich Gallo","Creator/service mentor","2","","https://www.pureswim.com/contact-us","needs-contact","creator","splashlens-deep-prospecting","","","Found 2026-07-02. Pure Swim/Rich Gallo is a strong service-mentor/influencer-style lane; live page has phone and contact form but no public email visible. Do not email until a direct public email or approved form/DM path is identified."
"Pool Guy Coaching","Service coach","2","","https://poolguycoaching.com/","needs-contact","creator","splashlens-deep-prospecting","","","Found 2026-07-02 as service-business coaching lane. No direct public email verified yet. Research contact form, newsletter, LinkedIn, or podcast guest route before outreach."
"Poolside Perspectives Podcast","Podcast/creator","2","","https://www.poolsideperspectives.com/","needs-contact","creator","splashlens-deep-prospecting","","","Found 2026-07-02 as pool-business podcast/media route. No direct public email verified yet. Research host/contact form before outreach; likely good for PoolPro recognition and free field-app test CTA."
"The Pool Shop Coach / Lee Salisbury","Service coach / Podcast creator","2","lee@thepoolshopcoach.com.au","https://www.thepoolshopcoach.com.au/blog/when-you-try-to-be-everything-to-everyone-you-end-up-being-nothing-to-anyone","sent","creator","splashlens-deep-prospecting","2026-07-09","","Verified live The Pool Shop Coach blog/footer on 2026-07-06; page returned 200 and lists lee@thepoolshopcoach.com.au. Strong service-owner coaching and podcast-adjacent feedback lane for operator workflow and founder-story resonance. No endorsement, partnership, diagnosis, or guarantee claim. Sent 2026-07-09 one-to-one service-owner feedback ask. Gmail id 19f473549402fb7a. Reconciled 2026-07-09 as not a clean compliant send because the checked-in 2026-07-05 Fluidra remove-me request was still inside the last-7-day stop window; no automated follow-up."
"Hammer-Head Pool Vacuums","Pool cleaner / Vacuum support","2","info@hammerheadvac.com","https://www.hammerheadvac.com/remora","sent","parts_accessories","splashlens-deep-prospecting","2026-07-09","","Verified live Hammer-Head REMORA page on 2026-07-06; page returned 200 and lists info@hammerheadvac.com for support and warranty claims. Good manual-vacuum, parts, propeller, battery, and field-proof feedback lane. No endorsement, warranty, diagnosis, or fitment claim. Sent 2026-07-09 one-to-one PartSnap vacuum proof prompt feedback ask. Gmail id 19f47354ad1113b5. Reconciled 2026-07-09 as not a clean compliant send because the checked-in 2026-07-05 Fluidra remove-me request was still inside the last-7-day stop window; no automated follow-up."
"Magic Plastics","Parts / Valves / Fittings","2","custservice@magicplastics.com","https://magicplastics.com/contact-us/","sent","parts_accessories","splashlens-deep-prospecting","2026-07-10","","Sent 2026-07-10 via Gmail id 19f4c65402416d7d after official contact-page verification and recipient-history check. Later reconciliation found the already-recorded 2026-07-05 Fluidra remove request still inside the rules lookback, so this was not a clean compliant send. No automated cold follow-up."
"ProMinent Fluid Controls","Commercial pool water treatment","2","sales-us@prominent.com","https://www.prominent.us/en/Contact/Contact/Sales/Sales.html","sent","manufacturer_verification","splashlens-deep-prospecting","2026-07-09","","Verified live ProMinent sales contact page on 2026-07-06; page returned 200 and lists sales-us@prominent.com. Good lane for commercial pool dosing/control, ORP and pH guardrails, and what proof data service teams should capture before escalation. No endorsement, diagnosis, or compliance claim. Sent 2026-07-09 one-to-one dosing/control proof prompt feedback ask. Gmail id 19f47354fdc5b73e. Reconciled 2026-07-09 as not a clean compliant send because the checked-in 2026-07-05 Fluidra remove-me request was still inside the last-7-day stop window; no automated follow-up."
"Vac Daddy portable pool vacuum","Pool cleaner / Vacuum creator","2","info@thevacdaddy.com","https://www.thevacdaddy.com/pages/resources-support","sent","parts_accessories","splashlens-midwest-winddown-2026-08-07","2026-08-07","2026-08-12","Reverified 2026-08-07: official source URL returned 200, exact Gmail history was empty, MX resolved. Sent one-to-one season wind-down supplier/product proof prompt email 2026-08-07 with tracked campaign link; Gmail id 19fddebcf4810566. No BCC. No diagnosis, fitment, warranty, endorsement, or manufacturer-affiliation claim."
"California Pool Association","Association/service network","2","info@capoolassociation.com","https://capoolassociation.com/contact-us/","sent","association","splashlens-training","2026-07-09","","Verified official CPA contact page/search result on 2026-07-06; page lists info@capoolassociation.com and positions CPA for pool and spa professionals. Good member-resource/training feedback lane. No insurance, endorsement, official alignment, diagnosis, or partnership claim. Sent 2026-07-09 one-to-one association/member-resource feedback ask. Gmail id 19f4735529a00558. Reconciled 2026-07-09 as not a clean compliant send because the checked-in 2026-07-05 Fluidra remove-me request was still inside the last-7-day stop window; no automated follow-up."
"Professional Pool Management","Training/CPO provider","3","cduncan865@gmail.com","https://propoolmanagement.weebly.com/cpo-classes.html","sent","training_cpo","splashlens-training","2026-07-10","","Sent 2026-07-10 via Gmail id 19f4c65428fd83a1 after public CPO contact and recipient-history checks. Later reconciliation found the already-recorded 2026-07-05 Fluidra remove request still inside the rules lookback, so this was not a clean compliant send. No automated cold follow-up."
"Pool Pros CPO Training","Training/CPO provider","3","poolproscponv@gmail.com","https://www.poolproscpo.com/","sent","training_cpo","splashlens-training","2026-07-09","","Verified official Pool Pros CPO Training site on 2026-07-06; page returned 200 and lists poolproscponv@gmail.com for Las Vegas and virtual CPO classes. Good training feedback lane. No certification, endorsement, diagnosis, or code-compliance claim. Sent 2026-07-09 one-to-one CPO training feedback ask. Gmail id 19f4735590c6e549. Reconciled 2026-07-09 as not a clean compliant send because the checked-in 2026-07-05 Fluidra remove-me request was still inside the last-7-day stop window; no automated follow-up."
"Illinois Park and Recreation Association","Training/association","2","membership@ilipra.org","https://members.ilipra.org/event-calendar/details/25-certified-pool-operator-course-1441626","sent","training_cpo","splashlens-training","2026-07-06","","Verified official IPRA CPO/AFO event page on 2026-07-06; page returned 200 and lists membership@ilipra.org. Gmail exact-recipient search found no recent history. Sent 2026-07-06 one-to-one training feedback ask for free no-account SplashLens field reference app. Gmail id 19f37ce73c947047. No certification, endorsement, diagnosis, code-compliance, or official alignment claim. Reconciled as not a clean compliant send because the 2026-07-05 Fluidra remove-me request remained a 7-day hard stop; no automated follow-up."
"Horizon CPO Seminars","Training/CPO provider","2","seminars@horizonpoolsupply.com","https://cposeminars.com/faq/","sent","training_cpo","splashlens-training","2026-07-06","","Verified official Horizon CPO Seminars FAQ on 2026-07-06; page lists seminars@horizonpoolsupply.com for written class requests. Gmail exact-recipient search found no recent history. Sent 2026-07-06 one-to-one CPO training feedback ask with PartSnap proof examples. Gmail id 19f37ce933824b4a. No certification, endorsement, diagnosis, code-compliance, or official alignment claim. Reconciled as not a clean compliant send because the 2026-07-05 Fluidra remove-me request remained a 7-day hard stop; no automated follow-up."
"Hospitality Minnesota","Training/association","2","info@hospitalitymn.com","https://www.hospitalityminnesota.com/certified-pool-operator/","sent","training_cpo","splashlens-training","2026-07-06","","Verified official Hospitality Minnesota Certified Pool Operator page on 2026-07-06; page returned 200 and lists info@hospitalitymn.com. Gmail exact-recipient search found no recent history. Sent 2026-07-06 one-to-one hospitality pool-operator feedback ask. Gmail id 19f37ceaf2e2c2ab. No certification, endorsement, diagnosis, code-compliance, or official alignment claim. Reconciled as not a clean compliant send because the 2026-07-05 Fluidra remove-me request remained a 7-day hard stop; no automated follow-up."
"Outdoor Hospitality Industry","Training/association","2","ohi-membership@ohi.org","https://ohi.org/about-ohi/contact-ohi/","sent","training_cpo","splashlens-training","2026-07-06","","Verified official OHI contact page and CPO training event pages on 2026-07-06; contact page lists ohi-membership@ohi.org and training page references Certified Pool & Spa Operator training for outdoor hospitality operators. Gmail exact-recipient search found no recent history. Sent 2026-07-06 one-to-one campground pool-operator feedback ask. Gmail id 19f37ced10a274ee. No certification, endorsement, diagnosis, code-compliance, or official alignment claim. Reconciled as not a clean compliant send because the 2026-07-05 Fluidra remove-me request remained a 7-day hard stop; no automated follow-up."
"Certified Pool Trainers of Iowa and Minnesota","Training/CPO provider","3","johnszymanski99@hotmail.com","https://cpominnesotaiowa.com/","sent","training_cpo","splashlens-training","2026-07-06","","Verified official Certified Pool Trainers of Iowa and Minnesota site on 2026-07-06; page returned 200 and public search result/page text lists johnszymanski99@hotmail.com for class setup. Gmail exact-recipient search found no recent history. Sent 2026-07-06 one-to-one CPO student feedback ask. Gmail id 19f37ceebe21c965. No certification, endorsement, diagnosis, code-compliance, or official alignment claim. Reconciled as not a clean compliant send because the 2026-07-05 Fluidra remove-me request remained a 7-day hard stop; no automated follow-up."
"Anderson Aquatics","Training/AFO-CPO provider","3","brad@andersonaquatics.com","https://www.andersonaquatics.com/classes","sent","training_cpo","splashlens-full-scrape-2026-07-07","2026-07-13","","Public page and email re-verified 2026-07-13; 14-day organization Gmail history was clean. Sent one-to-one training feedback email with PartSnap Proof Library and one-real-part/code ask. Gmail id 19f5bda9c65d5062. Same-minute overlap produced 10 total cold sends on 2026-07-13; no automated follow-up."
"Integrity Consultants CPO course","Training/CPO provider","3","cs@integrity-consultants.com","https://integrity-consultants.com/certified-pool-spa-operator-course/","sent","training_cpo","splashlens-full-scrape-2026-07-07","2026-07-13","","Public page and email re-verified 2026-07-13; 14-day organization Gmail history was clean. Sent one-to-one CPO training feedback email with PartSnap Proof Library and one-real-part/code ask. Gmail id 19f5bdaa220c3f3b. Same-minute overlap produced 10 total cold sends on 2026-07-13; no automated follow-up."
"McCallum's Pool Service & Repair","Pool service company","3","support@mccallumspoolservice.com","https://mccallumspoolservice.com/","sent","pool_service_company","splashlens-unlocked-send-2026-07-14","2026-07-14","","Verified live official McCallum's Pool Service & Repair site on 2026-07-08; page returned 200 and exposed support@mccallumspoolservice.com. Gmail exact-recipient search found no recent history before send. Sent unlocked one-to-one plain-text service-proof feedback note on 2026-07-14; Gmail id 19f61255d5dffcfe. No partnership, diagnosis, guarantee, or affiliation claim."
"P-Jay's Pools","Pool service company","3","pjayspoolco@gmail.com","https://www.pjayspools.com/","sent","pool_service_company","splashlens-unlocked-send-2026-07-14","2026-07-14","","Verified live official P-Jay's Pools site on 2026-07-08; page returned 200 and exposed pjayspoolco@gmail.com. Gmail exact-recipient search found no recent history before send. Sent unlocked one-to-one plain-text service-proof feedback note on 2026-07-14; Gmail id 19f612583a28988e. Public site positions Houston maintenance, repair, written reports, pumps, heaters, filters, leaks, salt, automation, and lighting. No partnership, diagnosis, guarantee, or affiliation claim."
"Neptune Pools Service and Repair","Pool service company","3","daryl@neptunepoolsaz.com","https://neptunepoolsaz.com/","sent","pool_service_company","splashlens-unlocked-send-2026-07-14","2026-07-14","","Verified live official Neptune Pools Service and Repair site on 2026-07-08; page returned 200 and exposed daryl@neptunepoolsaz.com. Gmail exact-recipient search found no recent history before send. Sent unlocked one-to-one plain-text owner/operator feedback note on 2026-07-14; Gmail id 19f6125a6639b990. Public site positions Gilbert/Chandler/Queen Creek repair and maintenance with owner/operator field experience. No partnership, diagnosis, guarantee, or affiliation claim."
"Frank's Pool Services","Pool service company","3","frank@frankspoolservices.com","https://frankspoolservicesinc.com/","sent","pool_service_company","splashlens-midwest-winddown-2026-08-07","2026-08-07","2026-08-12","Reverified 2026-08-07: official source URL returned 200, exact Gmail history was empty, MX resolved. Sent one-to-one end-of-season field test email 2026-08-07 with tracked campaign link; Gmail id 19fddebec1f2b610. No BCC. No partnership, diagnosis, guarantee, or affiliation claim."
"Custom Pool Route","Pool route / service-company network","3","cpr@custompoolroute.com","https://custompoolroute.com/about-us/","needs-verification","pool_service_company","splashlens-full-scrape-2026-07-07","","2026-07-10","Found during full scrape on 2026-07-07. Public page positions Florida pool-route growth for pool cleaning/maintenance businesses and lists cpr@custompoolroute.com. Verify contact before send. Good route-owner feedback lane. No partnership, diagnosis, guarantee, or affiliation claim."
"Swimming Pool News","Trade media - UK","3","","https://swimmingpoolnews.co.uk/pages/newsarchive.html","needs-verification","trade_media","splashlens-spa-source-expansion-2026-07-07","","2026-07-12","Subagent verified a UK trade-media lane and 2026 media pack route, but no clean editorial email is queued. Verify submit-news/editorial route before any send. Use international/service-tool angle only; no endorsement, diagnosis, partnership, or official-publication claim."
"Between Two Stops / Skimmer Podcast","Podcast / service operations","3","","https://www.getskimmer.com/podcast","needs-verification","creator","splashlens-spa-source-expansion-2026-07-07","","2026-07-12","Podcast route is competitor-adjacent. Use guest/topic form only after manual review; do not send to generic Skimmer sales/support unless user approves the competitor-adjacent route. CTA should be field-speed/product-feedback, not sales."
"Certified Pool Trainers Georgia route","Training/CPO provider","3","cptpools06@gmail.com","https://certifiedpooltrainers.com/","needs-verification","training_cpo","splashlens-spa-source-expansion-2026-07-07","","2026-07-12","Subagent found public CertifiedPoolTrainers.com route, but name collision exists with already-sent Certified Pool Trainers of Iowa and Minnesota. Verify Gmail history, site ownership, and suppression before any send. No certification, endorsement, diagnosis, or code-compliance claim."
"The Pool Trainers","Training/CPO provider","3","","https://www.thepooltrainers.com/enroll","needs-verification","training_cpo","splashlens-spa-source-expansion-2026-07-07","","2026-07-12","Subagent found form-first route. Do not cold-email enrolled-student document contacts. Verify public inquiry route before any send. Good training-resource feedback lane with spa/hot-tub proof packet angle."
"Natural Chemistry / NC Brands","Chemical / Water care","2","","https://naturalchemistry.com/contact-us/","needs-contact","chemical_education","splashlens-daily-growth-2026-07-08","","2026-07-12","Verified official Natural Chemistry contact page on 2026-07-08; page returned 200 and currently exposes a Jotform contact route plus live chat, but no public email in curl-visible body. Good lane for chemistry calculator guardrails and proof prompts. Re-open the official contact page before any send."
"Haviland / ProTeam / SpaPure","Chemical / Water care","2","","https://havilandpool.com/contact-us/","needs-contact","chemical_education","splashlens-daily-growth-2026-07-08","","2026-07-12","Verified official Haviland contact page on 2026-07-08; page returned 200 and currently exposes an official contact form but no public email in curl-visible body. Good lane for ProTeam, SpaPure, and stain/salt support feedback. Re-open the official contact page before any send."
"SeaKlear","Chemical / Water care","2","","https://seaklear.com/contact-us/","needs-contact","chemical_education","splashlens-daily-growth-loop-2026-07-10","","2026-07-12","Verified official SeaKlear contact page on 2026-07-10; page returned 200 and exposes an official contact form, but no clean public email was visible in curl-readable body. Good lane for clarifier, phosphate, enzyme, stain, and water-care proof prompts. Re-open the official contact page before any send."
"Lo-Chlor Specialty Chemicals","Chemical / Water care","2","","https://lochlor.com/contact/","needs-verification","chemical_education","splashlens-daily-growth-loop-2026-07-10","","2026-07-12","Official Lo-Chlor contact path returned an SG-Captcha challenge on 2026-07-10, so the brand fit is verified but the public send route is not yet cleanly readable from this environment. Keep as a future chemistry-guardrail lane; re-open manually and capture the official inquiry route before any send."
"Stenner Pump Company","Chemical feed / dosing equipment","2","","https://stenner.com/contact-us/","needs-contact","manufacturer_verification","splashlens-daily-growth-loop-2026-07-10","","2026-07-12","Verified official Stenner contact page on 2026-07-10 after redirect to stenner.com/contact-us/; page exposes an official contact form, but no clean public email was visible in curl-readable body. Good lane for metering-pump, feed-system, and proof-before-escalation prompts. Re-open the official contact page before any send."
"Clear Comfort AOP","Commercial pool water treatment","2","info@clearcomfort.com","https://clearcomfort.com/contact/","sent","manufacturer_verification","splashlens-daily-growth-2026-07-08","2026-07-15","2026-07-22","Verified official Clear Comfort contact page on 2026-07-08; page returned 200 and lists info@clearcomfort.com plus support@clearcomfort.com. Use the general route first for AOP/commercial water-treatment proof questions. No endorsement, diagnosis, or compliance claim. Sent 2026-07-15 by explicit user override of bounce-window pause; one-to-one Gmail id 19f67fe259d87e30. No endorsement, diagnosis, warranty, fitment, or partnership claim. Follow-up only after fresh reply/bounce/suppression sweep."
"Master Spas / H2X Swim Spas","Spa / Swim spa manufacturer","2","customerservice@masterspas.com","https://www.masterspas.com/contact-us","sent","spa_swim_spa_manufacturer","splashlens-spa-seo-outreach-2026-07-09","2026-07-13","","Official Master Spas contact page reverified 2026-07-13 and lists customerservice@masterspas.com. Exact Gmail history was clean before send. Sent one-to-one plain-text PartSnap proof request on 2026-07-13; Gmail id 19f5bd9a271418d2. Same-minute overlap produced 10 total cold sends; no automated follow-up."
"Dimension One Spas","Spa manufacturer","2","service@d1spas.com","https://www.d1spas.com/contact","sent","spa_swim_spa_manufacturer","splashlens-daily-growth-loop-2026-07-13","2026-07-15","2026-07-22","Verified official D1 Spas contact page on 2026-07-13; the page lists service@d1spas.com for North America. Exact Gmail recipient-history search found no messages. Good lane for topside, heater, jet, control, and owner-manual proof prompts with conservative reference-only framing. Sent 2026-07-15 by explicit user override of bounce-window pause; one-to-one Gmail id 19f67fe3e135d223. No endorsement, diagnosis, warranty, fitment, or partnership claim. Follow-up only after fresh reply/bounce/suppression sweep."
"Dream Maker Spas","Spa manufacturer","2","sales@dreammakerspas.com","https://www.dreammakerspas.com/contact-us","sent","spa_swim_spa_manufacturer","splashlens-daily-growth-loop-2026-07-13","2026-07-21","2026-07-25","Verified official Dream Maker Spas contact page on 2026-07-13; the page lists sales@dreammakerspas.com. Exact Gmail recipient-history search found no messages. Good lane for rotomolded spa, cover, pump, and control proof prompts without diagnosis, warranty, fitment, or endorsement claims. Sent 2026-07-21 spa field-reference outreach. Gmail id 19f84ccc394f9691. No BCC."
"Balboa Water Group","Spa pack / controls manufacturer","2","","https://www.balboawater.com/contact-us/","needs-contact","spa_controls_manufacturer","splashlens-spa-seo-outreach-2026-07-09","","2026-07-12","Verified official Balboa contact/support pages on 2026-07-09; public pages point to contact and technician-support forms, but no clean public email was captured from the official page body. Good lane for BP/VS/GS/spaTouch/TP series docs, spa-pack proof prompts, and field-safe verification language."
"Gecko Alliance / Gecko Depot","Spa pack / controls manufacturer","2","orders@geckodepot.com","https://www.geckodepot.com/contact/help/help.aspx","needs-verification","spa_controls_manufacturer","splashlens-spa-seo-outreach-2026-07-09","","2026-07-12","Public Gecko Depot help page lists orders@geckodepot.com and official Gecko Alliance support pages point to technical support forms and phone support. Verify best business-feedback route before sending. Good lane for Y/XE/YT/in.touch controls, keypad, Wi-Fi, and startup troubleshooting coverage."
"Hydropool Hot Tubs / Swim Spas","Spa / Swim spa manufacturer","2","info@hydropoolhottubs.com","https://www.hydropoolhottubs.com/en/About-Us/Contact-Us","sent","spa_swim_spa_manufacturer","splashlens-spa-seo-outreach-2026-07-09","2026-07-13","","Official Hydropool contact page reverified 2026-07-13 and lists info@hydropoolhottubs.com. Exact Gmail history was clean before send. Sent one-to-one plain-text PartSnap proof request on 2026-07-13; Gmail id 19f5bd9a0e86af2d. Same-minute overlap produced 10 total cold sends; no automated follow-up."
"PDC Spas / TruSwim","Spa / Swim spa manufacturer","2","","https://pdcspas.com/contact","covered-by-sent","spa_swim_spa_manufacturer","splashlens-spa-seo-outreach-2026-07-09","2026-07-13","","Covered by the 2026-07-13 send to sales@pdcspas.com from the same official PDC contact route. Do not send another same-organization cold email unless they reply or a materially different public route is verified later."
"Artesian Spas / TidalFit","Spa / Swim spa manufacturer","2","","https://artesianspas.com/support/contact/","needs-contact","spa_swim_spa_manufacturer","splashlens-spa-seo-outreach-2026-07-09","","2026-07-12","Verified official Artesian contact/support/manual pages on 2026-07-09; customer service is phone/form-first and TidalFit manual routes service through authorized dealers. Good lane for TidalFit, South Seas/Balboa, topside, current-system, and dealer-proof workflows."
"Endless Pools","Swim spa / fitness pool manufacturer","2","poolhelp@endlesspools.com","https://myendlesspool.com/s/contact","sent","spa_swim_spa_manufacturer","splashlens-spa-seo-outreach-2026-07-09","2026-07-15","2026-07-22","Verified official Endless Pools customer-service pages on 2026-07-09; pages list poolhelp@endlesspools.com and 800-910-2714. Good lane for Endless Pools swim-current, modular pool, water-quality, service-provider, and documentation-proof prompts. No endorsement, diagnosis, warranty, or fitment claim. Sent 2026-07-15 by explicit user override of bounce-window pause; one-to-one Gmail id 19f67fe624641a8e. No endorsement, diagnosis, warranty, fitment, or partnership claim. Follow-up only after fresh reply/bounce/suppression sweep."
"Bullfrog Spas","Spa manufacturer","2","support@bullfrogspas.com","https://shop.bullfrogspas.com/support/","sent","spa_swim_spa_manufacturer","splashlens-daily-growth-loop-2026-07-14","2026-07-21","2026-07-25","Verified official Bullfrog support page on 2026-07-14; the page visibly lists support@bullfrogspas.com under Email Us, and exact Gmail recipient-history search found no messages. Good lane for JetPak, cloud control/Wi-Fi, covers, clips, and spa proof prompts without warranty, fitment, endorsement, or partnership claims. Sent 2026-07-21 spa proof-prompt outreach. Gmail id 19f84cc7d2e634a3. No BCC."
"Sundance Spas","Spa manufacturer","2","","https://www.sundancespas.com/contact-us","needs-contact","spa_swim_spa_manufacturer","splashlens-spa-seo-outreach-2026-07-09","","2026-07-12","Verified official Sundance Spas contact page on 2026-07-09; route is phone/form-first with no clean public outreach email. Good lane for proprietary controls, topside, heater, circ pump, and customer-support proof-language feedback."
"Hot Spring / Caldera / Watkins Wellness","Spa manufacturer","2","","https://www.hotspring.com/contact-us","needs-contact","spa_swim_spa_manufacturer","splashlens-spa-seo-outreach-2026-07-09","","2026-07-12","Verified official Hot Spring/Caldera/Watkins pages on 2026-07-09; manufacturer route is phone/form/dealer-first. Good lane for Hot Spring, Caldera, IQ-style controls, covers, circ pump, salt/mineral, and dealer-proof routing. Avoid privacy-only email routes."
"Marquis Spas","Spa manufacturer","2","","https://www.marquisspas.com/support/contact-marquis","needs-contact","spa_swim_spa_manufacturer","splashlens-spa-seo-outreach-2026-07-09","","2026-07-12","Verified official Marquis support/contact page on 2026-07-09; route is phone/form-first with no clean public email captured. Good lane for Marquis hot tubs, covers, manuals, pump/heater/control proof prompts, and dealer/service workflow feedback."
"Coast Spas","Spa / Swim spa / cold plunge manufacturer","2","info@coastspas.com","https://coastspas.microsoftcrmportals.com/support/","sent","spa_swim_spa_manufacturer","splashlens-spa-seo-outreach-2026-07-09","2026-07-21","2026-07-25","Verified Coast Spas support portal/search result on 2026-07-09; lists info@coastspas.com and official support/contact routes. Good lane for hot tub, swim spa, cold plunge, control, cover, and virtual technical-support proof prompts. No endorsement, diagnosis, warranty, or fitment claim. Sent 2026-07-21 swim-spa/cold-plunge proof-prompt outreach. Gmail id 19f84cc9e68da915. No BCC."
"Arctic Spas","Spa / All-weather pool manufacturer","2","","https://www.arcticspas.com/support/","needs-contact","spa_swim_spa_manufacturer","splashlens-spa-seo-outreach-2026-07-09","","2026-07-12","Verified official Arctic Spas support/contact pages on 2026-07-09; route is phone/form/dealer-first. Good lane for All-Weather Pools, covers, manuals, software/app, and cold-climate proof prompts. Re-open official contact route before any send."
"Wellis","Spa / Swim spa manufacturer","2","support@wellis.com","https://wellis.com/problem-and-error-reporting/","sent","spa_swim_spa_manufacturer","splashlens-spa-seo-outreach-2026-07-09","2026-08-25","2026-09-01","Verified official Wellis support/problem-reporting and contact pages on 2026-07-09; pages list support@wellis.hu, info@wellis.com, and warranty materials reference support@wellis.com. Use support@wellis.com only after rechecking the current official support page. Good lane for Wellis swim spas, UV-C, ozone, controls, and proof prompts. Sent 2026-08-25 one-to-one spa/swim-spa proof prompt ask; Gmail id 1a03a4ec1a0377ae. No BCC; no endorsement, diagnosis, warranty, fitment, or manufacturer approval claim."
"Filbur Manufacturing","Pool / Spa filtration manufacturer","2","info@filburmfg.com","https://filbur.com/contact/","sent","spa_filter_parts","splashlens-spa-seo-outreach-2026-07-09","2026-07-13","","Official Filbur contact page reverified 2026-07-13 and lists info@filburmfg.com. Exact Gmail history was clean before send. Sent one-to-one plain-text PartSnap filter-identification proof request on 2026-07-13; Gmail id 19f5bd99dca59950. Same-minute overlap produced 10 total cold sends; no automated follow-up."
"Cover Valet","Spa cover lifter manufacturer","3","Questions@covervalet.com","https://covervalet.com/wp-content/uploads/2022/07/Cover-Valet-Pro-Instructions-03-2022.pdf","sent","spa_cover_accessory","splashlens-spa-seo-outreach-2026-07-09","2026-08-25","2026-09-01","Verified official Cover Valet installation PDF on 2026-07-09; PDF lists Questions@covervalet.com. Good lane for cover lifter install-proof prompts, gas shock/lock-button issues, cover-accessory part identification, and service documentation. No warranty or fitment claim. Sent 2026-08-25 one-to-one cover-lifter part-proof ask; Gmail id 1a03a4ee0eda3b21. No BCC; no endorsement, diagnosis, warranty, fitment, or approval claim."
"Leisure Concepts / Covermate","Spa cover / accessory manufacturer","3","info@leisureconcepts.com","https://www.leisureconcepts.com/contact-us/","sent","spa_cover_accessory","splashlens-daily-growth-loop-2026-07-13","2026-08-25","2026-09-01","Verified official Leisure Concepts contact page on 2026-07-13; the page lists info@leisureconcepts.com. Exact Gmail recipient-history search found no messages. Good lane for cover lifter, step, handrail, and spa-accessory proof prompts without warranty, fitment, endorsement, or partnership claims. Sent 2026-08-25 one-to-one spa-accessory proof prompt ask; Gmail id 1a03a4efe6bda6c4. No BCC; no endorsement, diagnosis, warranty, fitment, or approval claim."
"Spa Parts Plus","Spa parts distributor","2","","https://www.spaparts.com/en_us/contact-us","needs-contact","spa_parts_distribution","splashlens-spa-seo-outreach-2026-07-09","","2026-07-12","Verified official Spa Parts Plus contact/customer-care pages on 2026-07-09; route is contact buttons/phone/open-account workflow, no clean public email captured from official page. Good lane for controls, spa packs, pumps, blowers, filters, jets, plumbing, covers, lifters, and wholesale service-trade proof workflows."
"Tub Talk with The Hot Tub Lady","Hot tub creator / podcast","3","","https://www.thehottublady.co/about","needs-contact","creator_podcast_spa","splashlens-spa-seo-outreach-2026-07-09","","2026-07-12","Found active hot-tub/spa creator-podcast lane on 2026-07-09 via official site/social/search results. No clean public email captured. Good private demo angle for spa troubleshooting, chemistry guardrails, and field-safe reference language after contact route is verified."
"Wake Tech Certified Pool Operator Training","Training/CPO provider","3","wceresources@waketech.edu","https://www.waketech.edu/programs-courses/non-credit/workforce-training/hospitality-personal-services/certified-pool-operator","bounced","training_cpo","splashlens-cpo-media-2026-07-09","2026-07-13","","Public page exposed wceresources@waketech.edu and 14-day organization Gmail history was clean, but the 2026-07-13 one-to-one send hard-bounced as address not found. Sent id 19f5bdaa798ce248; bounce id 19f5bdab320ff42e. Suppress this address from future outreach."
"HD Supply Pool Maintenance Training","Training / distributor education","3","customercare@hdsupply.com","https://hdsupplysolutions.com/ns/pool-training","needs-verification","training_cpo","splashlens-cpo-media-2026-07-09","","2026-07-12","Verified live HD Supply pool-training page on 2026-07-09; page returned 200 and exposed customercare@hdsupply.com. Exact Gmail recipient history found no messages. Keep as needs-verification because route is broad customer-care, not a named training/editorial contact. Re-open official page and verify better training contact before send."
"New Jersey Pest Management Association CPO","Training/CPO provider","3","bonaccib@njpma.org","https://www.njpma.org/certified-pool-operator-cpo","bounced","training_cpo","splashlens-cpo-media-2026-07-09","2026-07-13","","Public CPO page and email were re-verified and 14-day organization Gmail history was clean, but the 2026-07-13 one-to-one send hard-bounced with 550 5.1.1 address not found. Sent id 19f5bdaa971c38f8; bounce id 19f5bdaae4aa2f1f. Suppress this address from future outreach."
"The Training Center Houston instructor route","Training/CPO provider","3","pmoscatiello@gmail.com","https://www.thetrainingcenter.com/cpo-certification-houston","covered-by-sent","training_cpo","splashlens-cpo-media-2026-07-09","","","Public CPO Houston page exposed pmoscatiello@gmail.com on 2026-07-09, but info@thetrainingcenter.com was already sent 2026-06-19 and duplicate-sent again 2026-07-01. Treat this as covered by prior same-organization outreach; do not send further cold outreach unless they reply."
"The Grit Game pool-podcast roundup","Marketing/content site","3","","https://thegritgame.com/top-pool-industry-podcasts/","needs-contact","creator_podcast","splashlens-cpo-media-2026-07-09","","2026-07-12","Live roundup page returned 200 on 2026-07-09 but did not expose a clean pool-specific public email in fetched body. Contact-page scrape exposed individual marketing emails that are not clearly pool-industry/podcast owners. Use only after manual route review or form/social contact."
"Louisville Apartment Association / Chadwell CPO","Training/CPO provider","3","learn@chadwellsupply.com","https://web.laaky.org/events/Certified-Pool-Operator-CPO-132/details","sent","training_cpo","splashlens-cpo-more-2026-07-09","2026-07-13","","Public event page and email re-verified 2026-07-13; 14-day organization Gmail history was clean. Sent one-to-one CPO training feedback email with PartSnap Proof Library and one-real-part/code ask. Gmail id 19f5bdaad2107d35. Same-minute overlap produced 10 total cold sends on 2026-07-13; no automated follow-up."
"Louisville Apartment Association CPO route","Training/CPO provider","3","info@laaky.com","https://web.laaky.org/events/Certified-Pool-Operator-CPO-132/details","needs-verification","training_cpo","splashlens-cpo-more-2026-07-09","","2026-07-12","Verified live LAAKY CPO event page on 2026-07-09; page returned 200 and exposed info@laaky.com. Exact Gmail recipient history found no messages. Keep as needs-verification because learn@chadwellsupply.com is the more course-specific route. Do not send both in same wave."
"Chicagoland Apartment Association CPO","Training/CPO provider","3","alana@caapts.org","https://www.caapts.org/events/cpo","needs-verification","training_cpo","splashlens-cpo-more-2026-07-09","","2026-07-12","Search-visible CAA CPO page exposed alana@caapts.org and exact Gmail recipient history found no messages, but direct curl returned 403 on 2026-07-09. Re-open in browser or verify alternate official contact before send. Good apartment-pool operator training route if verified."
"Duffield Aquatics SC operator route","Training/CPO provider","3","ayoungblood@duffieldaquatics.com","https://des.sc.gov/programs/bureau-water/recreational-waters/sc-pool-operator-record","sent","training_cpo","splashlens-cpo-more-2026-07-09","2026-08-25","2026-09-01","Verified live South Carolina Pool Operator of Record page on 2026-07-09; page returned 200 and exposed ayoungblood@duffieldaquatics.com as an approved operator-training/provider route. Exact Gmail recipient history found no messages. Use operator field-reference feedback angle only. Sent 2026-08-25 one-to-one operator-training workflow ask; Gmail id 1a03a4f24a12bc75. No BCC; no endorsement, diagnosis, code-compliance, or certification claim."
"Sumter YMCA SC pool-operator route","Training/CPO provider","3","mfrancisco@ymcasumter.org","https://des.sc.gov/programs/bureau-water/recreational-waters/sc-pool-operator-record","bounced","training_cpo","splashlens-cpo-more-2026-07-09","2026-08-25","","Verified live South Carolina Pool Operator of Record page on 2026-07-09; page returned 200 and exposed mfrancisco@ymcasumter.org as an operator-training/provider route. Exact Gmail recipient history found no messages. Use public/municipal pool operator training feedback angle only. Sent 2026-08-25 one-to-one operator-training workflow ask; Gmail id 1a03a4f64e445c58. Hard bounce/delivery failure received 2026-08-25, failure id 1a03a4f6c0579901, 550 5.4.1 recipient address rejected. Do not send again unless a new verified address is found."
"Pope and Company SC pool-operator route","Training/CPO provider","3","popeandcompanyllc@gmail.com","https://des.sc.gov/programs/bureau-water/recreational-waters/sc-pool-operator-record","sent","training_cpo","splashlens-cpo-more-2026-07-09","2026-08-25","2026-09-01","Verified live South Carolina Pool Operator of Record page on 2026-07-09; page returned 200 and exposed popeandcompanyllc@gmail.com and popeandcompany@nctv.com. Exact Gmail recipient history found no messages. Use one route only; do not also send nctv address in the same wave. Sent 2026-08-25 one-to-one operator-training workflow ask; Gmail id 1a03a4f8543db4f3. No BCC; no endorsement, diagnosis, code-compliance, or certification claim."
"Pool Nation Podcast direct host route","Podcast/creator","2","edgar@poolnationpodcast.com","https://www.poolnation.online/contact/","covered-by-sent","creator","splashlens-cpo-more-2026-07-09","","","Verified live PoolNationOnline contact page on 2026-07-09 and found edgar@poolnationpodcast.com, but Pool Nation already received cold outreach at support@poolnation.com and Pool Nation Awards route previously bounced. Treat as same-organization covered-by-sent; do not send cold unless a human reply or explicit manual override creates a warm route."
"The Pool & Spa Show / NESPA","Trade show / education","2","info@thepoolspashow.com","https://www.thepoolspashow.com/nespa2026/Public/Content.aspx?ID=4820&sortMenu=111000","follow-up-sent","trade_show_education","splashlens-send-window-2026-07-09","2026-07-02","","Queue reconciled 2026-07-23: prior sends found in Gmail on 2026-06-16 (19ed0cd81326dcd8) and 2026-07-02 (19f257845446aaa1). No further cold follow-up unless they reply."
"Northeast Spa & Pool Association / NESPA","Association / education","2","info@nespapool.org","https://www.nespapool.org/About/Contact-Us","follow-up-sent","association_education","splashlens-send-window-2026-07-09","2026-07-02","","Queue reconciled 2026-07-23: prior sends found in Gmail on 2026-06-17 (19ed5f3bc4f83a65) and 2026-07-02 (19f2578839ec98b4). No further cold follow-up unless they reply."
"LIPSA / NESPA chapter services","Association chapter / education","3","AHernandez@nespapool.org","https://lipsa.nespapool.org/LIPSA-News/category/lipsa","sent","association_chapter","splashlens-send-window-2026-07-09","2026-08-25","2026-09-01","Verified public LIPSA/NESPA page on 2026-07-09 via search result; page says to contact Andrea Hernandez, Chapter Services Coordinator, at AHernandez@nespapool.org for ideas and educational needs. Use education-feedback angle only. No endorsement, partnership, certification, diagnosis, or code-compliance claim. Sent 2026-08-25 one-to-one pool education workflow ask; Gmail id 1a03a4fa358379d4. No BCC; no endorsement, diagnosis, code-compliance, or certification claim."
"FSPA Job Board / education advertising route","Association / Florida pool pros","3","Charis@fspa.com","https://fspa.com/job-board/","needs-verification","association_education","splashlens-send-window-2026-07-09","","2026-07-12","Verified official FSPA job-board page on 2026-07-09 via public search result; page lists Charis@fspa.com for advertising opportunities. Good potential Florida pool-pro visibility lane, but verify education/member-resource route before any send."
"Blue-White Industries","Commercial pool flow control / dosing","2","sales@blue-white.com","https://www.blue-white.com/contact-us/","sent","manufacturer_verification","splashlens-daily-growth-loop-2026-07-09","2026-07-13","","Official Blue-White contact page reverified 2026-07-13 and lists sales@blue-white.com. Exact Gmail history was clean before send. Sent one-to-one plain-text PartSnap chemical-feed proof request on 2026-07-13; Gmail id 19f5bd995a8bcb13. Same-minute overlap produced 10 total cold sends; no automated follow-up."
"Bio-Dex Laboratories","Chemical / Water care","2","info@bio-dex.com","https://www.bio-dex.com/contact","sent","chemical_education","splashlens-daily-growth-loop-2026-07-09","2026-07-21","2026-07-25","Verified official Bio-Dex contact page on 2026-07-09; page exposes info@bio-dex.com. Exact Gmail recipient-history search found no messages. Good lane for stain, scale, algae, and spa/pool chemical proof prompts. No diagnosis, treatment-guarantee, or endorsement claim. Sent 2026-07-21 water-care proof-prompt outreach. Gmail id 19f84cc5af71614e. No BCC."
"Periodic Products","Chemical / Water treatment","2","info@periodicproducts.com","https://periodicproducts.com/wp-content/uploads/2022/09/Chelok-Sell-Sheet.pdf","sent","chemical_education","splashlens-daily-growth-loop-2026-07-09","2026-07-22","2026-07-29","Verified official Periodic Products PDF/source evidence on 2026-07-09; the Chelok sell sheet lists info@periodicproducts.com and pool/spa metal-removal context. Exact Gmail recipient-history search found no messages. Good lane for stain, metals, filtration-media, and water-treatment proof prompts with conservative reference-only framing. Sent 2026-07-22 with subject Could SplashLens prompt better metals-treatment proof? Gmail id 19f8a97563e8349e. No BCC."
"EcoFilter / EcoPump / SpectraLight","Manufacturer verification","2","info@ecopoolpumps.com","https://www.ecopoolfilters.com/contact-us","sent","manufacturer_verification","splashlens-2026-07-10","2026-07-10","","Official EcoFilter contact page verified 2026-07-10 and lists this address for sales and support. Sent via Gmail id 19f4c65470197120. Later reconciliation found the already-recorded 2026-07-05 Fluidra remove request still inside the rules lookback, so this was not a clean compliant send. No automated cold follow-up."
"Poolside Tech / The Attendant","Pool automation / support","2","support@poolside.tech","https://poolside.support/kb/contact-us/","sent","software_service_community","splashlens-2026-07-10","2026-07-10","","Official Poolside Tech knowledge-base contact page verified 2026-07-10 and lists this support address. Sent via Gmail id 19f4c6549abe7718. Later reconciliation found the already-recorded 2026-07-05 Fluidra remove request still inside the rules lookback, so this was not a clean compliant send. No automated cold follow-up."
"Balboa Water Group","Spa controls / manufacturer support","2","techsupport@balboawater.com","https://www.balboawater.com/contact-us/","sent","manufacturer_verification","splashlens-daily-growth-loop-2026-07-10","2026-07-15","2026-07-22","Verified official Balboa Water contact page on 2026-07-10; the page exposes dedicated techsupport, sales, and customer-service mailto routes, and exact Gmail recipient-history search found no messages to this support address. Strong lane for spa-pack, topside, heater, and control-proof prompts with conservative reference-only framing. Sent 2026-07-15 by explicit user override of bounce-window pause; one-to-one Gmail id 19f67fe915560f37. No endorsement, diagnosis, warranty, fitment, or partnership claim. Follow-up only after fresh reply/bounce/suppression sweep."
"Spa Parts Plus","Spa parts / support","2","customercare@spaparts.com","https://www.spaparts.com/en_us/contact-us","sent","manufacturer_verification","splashlens-daily-growth-loop-2026-07-10","2026-07-22","2026-07-29","Verified official Spa Parts Plus contact page on 2026-07-10; the page schema/body exposes customercare@spaparts.com, and exact Gmail recipient-history search found no prior messages. Good lane for parts-lookup proof prompts around packs, pumps, blowers, jets, filters, covers, and lifters without implying fitment or endorsement. Sent 2026-07-22 with subject Proof prompts before spa part orders go vague. Gmail id 19f8a9747f082a0f. No BCC."
"PDC Spas / TruSwim","Spa / swim-spa manufacturer","2","sales@pdcspas.com","https://pdcspas.com/contact","sent","spa_swim_spa_manufacturer","splashlens-daily-growth-loop-2026-07-10","2026-07-13","","Official PDC Spas contact page reverified 2026-07-13 and lists sales@pdcspas.com. Exact Gmail history was clean before send. Sent one-to-one plain-text PartSnap swim-spa proof request on 2026-07-13; Gmail id 19f5bd99b7c07b23. Same-minute overlap produced 10 total cold sends; no automated follow-up."
"Solaxx","Pool / spa sanitizer and parts support","2","support@solaxx.com","https://solaxx.com/","sent","manufacturer_verification","splashlens-daily-growth-loop-2026-07-14","2026-07-22","2026-07-29","Verified official Solaxx site on 2026-07-14; the support block lists support@solaxx.com and exact Gmail recipient-history search found no messages. Good lane for salt-cell, UV, ozone, and sanitizer-system proof prompts with conservative reference-only framing and no warranty, diagnosis, fitment, or endorsement claim. Sent 2026-07-22 with subject Proof prompts before salt-cell support requests go vague. Gmail id 19f8a974b1e6f7ff. No BCC."
"Harwil Corporation","Controls / flow-switch / chemical-feed manufacturer","2","orders@harwil.com","https://www.harwil.com/","sent","manufacturer_verification","splashlens-daily-growth-loop-2026-07-14","2026-07-22","2026-07-29","Verified official Harwil site on 2026-07-14; the homepage and contact copy list orders@harwil.com for product clarification and exact Gmail recipient-history search found no messages. Good lane for flow-switch, level-switch, and chemical-feed controller proof prompts without diagnosis, compliance, endorsement, or partnership claims. Sent 2026-07-22 with subject Proof prompts before flow-switch and controller orders. Gmail id 19f8a974dd736f8e. No BCC."
"HASA Ask Terry","Chemical education / support","2","askterry@hasapool.com","https://hasa.com/pool-tips","sent","chemical_education","splashlens-daily-growth-loop-2026-07-14","2026-07-22","2026-07-29","Verified official HASA Pool Tips page on 2026-07-14; the page visibly lists AskTerry@HasaPool.com for pool-maintenance questions and exact Gmail recipient-history search found no messages. Good lane for conservative water-care, dosing, and troubleshooting-reference feedback without diagnosis, treatment guarantee, or endorsement claims. Sent 2026-07-22 with subject Could SplashLens prompt better water-care proof? Gmail id 19f8a97525bf3b49. No BCC."
"Your Pool Buddy","Service-owner influencer / DIY pool help","2","info@Yourpoolbuddy.com","https://www.yourpoolbuddy.com/services","sent","service_owner_influencer","splashlens-daily-growth-loop-2026-07-14","2026-07-23","2026-07-30","Sent one-to-one 2026-07-23 after clean Gmail history and stop-signal sweep. Subject: Would SplashLens hold up on a real service stop? Gmail id 19f8f31f18ef19d2."
"Pool Pro","Service-owner / maintenance company","3","info@poolpro.com","https://www.poolpro.com/contact-us/","sent","service_owner_influencer","splashlens-daily-growth-loop-2026-07-14","2026-08-25","2026-09-01","Verified official Pool Pro contact page on 2026-07-14; the page visibly lists info@poolpro.com and exact Gmail recipient-history search found no messages. Good lane for service-owner workflow feedback around repair notes, proof photos, and pool-equipment reference prompts without fitment, endorsement, or warranty claims. Sent 2026-08-25 one-to-one closing-season field-test ask; Gmail id 1a03a4fc33ccd963. No BCC; no endorsement, diagnosis, warranty, fitment, or affiliation claim."
"Professional Pool Service","Service-owner / repair and remodel company","3","office@professional-pools.com","https://professional-pools.com/contact","sent","service_owner_influencer","splashlens-daily-growth-loop-2026-07-14","2026-08-25","2026-09-01","Verified official Professional Pool Service contact page on 2026-07-14; the page visibly lists office@professional-pools.com and exact Gmail recipient-history search found no messages. Good lane for service-owner workflow feedback around repairs, remodel proof photos, and reference-only troubleshooting language. Sent 2026-08-25 closing-season owner campaign; Gmail id 1a03a2045a9be0b9; tracked campaign closing_season_owner_20260825; one-to-one plain text; source 200/MX/exact Gmail history rechecked; no diagnosis/fitment/endorsement claims."
"The Pool Nerd","Robot / pool-product reviewer","2","","https://www.thepoolnerd.com/","needs-contact","robot_reviewer","splashlens-service-proof-ai-window-2026-07-14","","","Public site reviewed 2026-07-14; independent pool product and robot reviewer route. No official public email was verified in the quick search, so this must stay needs-contact until a contact form, social/business email, or other approved route is verified. Good lane for robot, automation, smart-device proof prompts and PartSnap review workflow."
"Upper State Apartment Association SC operator route","Training/CPO provider","3","rose@upperstate.org","https://des.sc.gov/programs/bureau-water/recreational-waters/sc-pool-operator-record","bounced","training_cpo","splashlens-daily-growth-loop-2026-07-15","2026-08-25","","Verified live South Carolina Pool Operator of Record page on 2026-07-15; page returned 200 and exposed Upper State Apartment Association contact rose@upperstate.org. Exact Gmail recipient history found no messages. Use apartment-pool operator training/resource feedback angle only. Sent 2026-08-25 one-to-one apartment-pool operator workflow ask; Gmail id 1a03a4fe21f97c97. Hard bounce/delivery failure received 2026-08-25, failure id 1a03a4feb33497b3, 550 5.4.1 recipient address rejected. Do not send again unless a new verified address is found."
"York Technical College SC operator route","Training/CPO provider","3","bodom@yorktech.edu","https://des.sc.gov/programs/bureau-water/recreational-waters/sc-pool-operator-record","sent","training_cpo","splashlens-daily-growth-loop-2026-07-15","2026-09-02","2026-09-09","Verified live South Carolina Pool Operator of Record page on 2026-07-15; page returned 200 and exposed York Technical College contact bodom@yorktech.edu. Exact Gmail recipient history found no messages. Use public-pool/operator training feedback angle only. Sent 2026-09-02 closing-season campaign from frost@belowzeromedia.com, one-to-one/no BCC, reply-to hello@splashlens.com, Gmail id 1a0639715206c3f5, utm_content york_technical_college. Immediate delivery-failure search found no bounce."
"Coastal Carolina University SC operator route","Training/CPO provider","3","mmiller@coastal.edu","https://des.sc.gov/programs/bureau-water/recreational-waters/sc-pool-operator-record","bounced","training_cpo","splashlens-daily-growth-loop-2026-07-15","2026-09-02","","Verified live South Carolina Pool Operator of Record page on 2026-07-15; page returned 200 and exposed Coastal Carolina University contact mmiller@coastal.edu. Exact Gmail recipient history found no messages. Use public/municipal pool operator training feedback angle only. Sent 2026-09-02 closing-season campaign from frost@belowzeromedia.com, one-to-one/no BCC, reply-to hello@splashlens.com, Gmail id 1a063974f3f572d6, utm_content coastal_carolina_operator. Bounced 2026-09-02: Gmail failure id 1a0639b54bc985c8, 550 5.1.1 user unknown at coastal.edu. Suppress until a new verified public address is found."
"New Mexico aquatics program operator route","Training/CPO provider","3","aquatics.program@env.nm.gov","https://www.env.nm.gov/pools/certified-operator-training-courses/","sent","training_cpo","splashlens-daily-growth-loop-2026-07-15","2026-09-02","2026-09-09","Verified live New Mexico certified-operator training-courses page on 2026-07-15; page returned 200 and exposed aquatics.program@env.nm.gov as the official aquatics program contact. Exact Gmail recipient history found no messages. Use operator-training/resource feedback angle only. Sent 2026-09-02 closing-season campaign from frost@belowzeromedia.com, one-to-one/no BCC, reply-to hello@splashlens.com, Gmail id 1a063978891fd375, utm_content new_mexico_aquatics_program. Immediate delivery-failure search found no bounce."
"SLC Pool Service","Service-owner / repair and maintenance company","3","info@slcpoolservice.com","https://www.slcpoolservice.com/contact/","sent","service_owner_influencer","splashlens-daily-growth-loop-2026-07-16","2026-08-25","2026-09-01","Verified official SLC Pool Service contact page on 2026-07-16; the page visibly lists info@slcpoolservice.com and exact Gmail recipient-history search found no messages. Good lane for diagnostics, repair-note, proof-photo, and field-documentation workflow feedback without diagnosis, endorsement, or warranty claims. Sent 2026-08-25 closing-season owner campaign; Gmail id 1a03a20643880bcf; tracked campaign closing_season_owner_20260825; one-to-one plain text; source 200/MX/exact Gmail history rechecked; no diagnosis/fitment/endorsement claims."
"Horizon Pool and Patio","Service-owner / commercial and residential pool company","3","info@horizonpool.com","https://horizonpool.com/pool-maintenance/","sent","service_owner_influencer","splashlens-daily-growth-loop-2026-07-16","2026-08-25","2026-09-01","Verified official Horizon Pool and Patio maintenance page on 2026-07-16; the page visibly lists info@horizonpool.com and exact Gmail recipient-history search found no messages. Good lane for commercial/residential operator workflow feedback around service proof, water checks, and equipment troubleshooting language. Sent 2026-08-25 closing-season owner campaign; Gmail id 1a03a20865c361a1; tracked campaign closing_season_owner_20260825; one-to-one plain text; source 200/MX/exact Gmail history rechecked; no diagnosis/fitment/endorsement claims."
"AmeriKen Pools","Service-owner / maintenance and repair company","3","info@amerikenpools.com","https://amerikenpools.com/contact-us/","sent","service_owner_influencer","splashlens-daily-growth-loop-2026-07-16","2026-08-25","2026-09-01","Verified official AmeriKen Pools contact page on 2026-07-16; the page visibly lists info@amerikenpools.com and exact Gmail recipient-history search found no messages. Good lane for weekly service, repairs, lighting, and owner-facing proof workflow feedback without partnership, diagnosis, or guarantee claims. Sent 2026-08-25 closing-season owner campaign; Gmail id 1a03a20ad48d5d6f; tracked campaign closing_season_owner_20260825; one-to-one plain text; source 200/MX/exact Gmail history rechecked; no diagnosis/fitment/endorsement claims."
"Thunder City Pool Services","Service-owner / weekly service and repair company","3","thundercitypoolservices@yahoo.com","https://www.thundercitypoolservices.com/services/weekly-pool-service","sent","service_owner_influencer","splashlens-daily-growth-loop-2026-07-17","2026-09-02","2026-09-09","Verified official Thunder City Pool Services weekly-service page on 2026-07-17; the page visibly lists thundercitypoolservices@yahoo.com, while the example placeholder john@example.com was ignored. Exact Gmail recipient-history search found no messages. Good lane for weekly service, repair follow-through, and owner-facing proof workflow feedback without diagnosis, endorsement, or guarantee claims. Sent 2026-09-02 closing-season campaign from frost@belowzeromedia.com, one-to-one/no BCC, reply-to hello@splashlens.com, Gmail id 1a06397c2eb3a5d7, utm_content thunder_city_pool_services. Immediate delivery-failure search found no bounce."
"Pool Heaven","Service-owner / cleaning and repair company","3","poolheavenhb@gmail.com","https://poolheaven.net/pool-support/","sent","service_owner_influencer","splashlens-daily-growth-loop-2026-07-17","2026-09-02","2026-09-09","Verified official Pool Heaven support page on 2026-07-17; the page visibly lists Poolheavenhb@gmail.com and exact Gmail recipient-history search found no messages. Good lane for service-note, repair triage, and customer-safe proof workflow feedback without diagnosis, endorsement, or warranty claims. Sent 2026-09-02 closing-season campaign from frost@belowzeromedia.com, one-to-one/no BCC, reply-to hello@splashlens.com, Gmail id 1a06397f241fae31, utm_content pool_heaven. Immediate delivery-failure search found no bounce."
"Prime Pool Service","Service-owner / repair and maintenance company","3","info@primepoolservice.com","https://www.primepoolservice.com/contact-us/","sent","service_owner_influencer","splashlens-daily-growth-loop-2026-07-17","2026-08-25","2026-09-01","Verified official Prime Pool Service contact page on 2026-07-17; the page visibly lists info@primepoolservice.com and exact Gmail recipient-history search found no messages. Good lane for maintenance, repair, and field-documentation workflow feedback without diagnosis, endorsement, or warranty claims. Sent 2026-08-25 closing-season owner campaign; Gmail id 1a03a20d3e1719f0; tracked campaign closing_season_owner_20260825; one-to-one plain text; source 200/MX/exact Gmail history rechecked; no diagnosis/fitment/endorsement claims."
"Pool Fix","Service-owner / repair, remodeling, and service company","3","TellMeMore@PoolFix.com","https://poolfix.com/contact-us/","sent","service_owner_influencer","splashlens-daily-growth-loop-2026-07-17","2026-09-02","2026-09-09","Verified official Pool Fix contact page on 2026-07-17; the page visibly lists TellMeMore@PoolFix.com after ignoring unrelated Sentry/Wix artifact addresses, and exact Gmail recipient-history search found no messages. Good lane for repair proof, remodel handoff, and customer-safe documentation workflow feedback without diagnosis, endorsement, or guarantee claims. Sent 2026-09-02 closing-season campaign from frost@belowzeromedia.com, one-to-one/no BCC, reply-to hello@splashlens.com, Gmail id 1a063982e8be8af5, utm_content pool_fix. Immediate delivery-failure search found no bounce."
"AquaFinesse","Spa / water-care chemical brand","2","customercare@aquafinesse.com","https://www.aquafinesse.com/contact/","sent","chemical_education","splashlens-daily-growth-loop-2026-07-16","2026-07-21","2026-07-25","Verified official AquaFinesse contact page on 2026-07-16; the page visibly lists customercare@aquafinesse.com and exact Gmail recipient-history search found no messages. Good lane for spa-water-care, dosage-reference, and support-guardrail feedback without diagnosis, treatment guarantee, endorsement, or replacement-for-label-direction claims. Sent 2026-07-21 spa/water-care proof-prompt outreach. Gmail id 19f84cc38b828323. No BCC."
"DEL Ozone","Ozone / AOP equipment brand","3","","https://www.delozone.com/contact/","needs-contact","manufacturer_verification","splashlens-daily-growth-loop-2026-07-16","","2026-07-20","Verified official DEL Ozone contact page on 2026-07-16; the page returned 200 but did not expose a clean public email in curl-readable body. Keep as an official future support/training route for ozone, UV, AOP, and commercial-water-treatment proof prompts after a manual contact path is captured."
"Sirona Spa Care","Spa chemical brand","3","","https://www.sironaspa.com/contact-us/","needs-contact","chemical_education","splashlens-daily-growth-loop-2026-07-16","","2026-07-20","Verified official Sirona Spa Care contact page on 2026-07-16; the page returned 200 but did not expose a clean public email in curl-readable body. Keep as an official future spa-chemistry guardrail route after a named email or approved form-contact path is captured."
"AAA Pool Service","Service-owner / inground pool service company","3","info@aaapoolservice.com","https://www.aaapoolservice.com/contact","sent","service_owner_influencer","splashlens-daily-growth-loop-2026-07-17","2026-07-23","2026-07-30","Sent one-to-one 2026-07-23 after clean Gmail history and stop-signal sweep. Subject: A practical field-stop test for SplashLens. Gmail id 19f8f31f4d600991."
"The Pool Boys","Service-owner / equipment repair and automation company","3","ThePoolBoysDispatch@gmail.com","https://poolboys.com/contact/","sent","service_owner_influencer","splashlens-daily-growth-loop-2026-07-17","2026-09-02","2026-09-09","Verified official The Pool Boys contact page on 2026-07-17; the page returned 200 and exposed ThePoolBoysDispatch@gmail.com. Exact Gmail recipient-history search found no messages. Good lane for weekly service, equipment repair, automation, and proof-photo workflow feedback without diagnosis, guarantee, or affiliation claims. Sent 2026-09-02 closing-season campaign from frost@belowzeromedia.com, one-to-one/no BCC, reply-to hello@splashlens.com, Gmail id 1a0639869103c360, utm_content the_pool_boys. Immediate delivery-failure search found no bounce."
"Pure Pool Solutions","Service-owner / retail and maintenance company","3","info@purepoolsolutionsfl.com","https://purepoolfl.com/","sent","service_owner_influencer","splashlens-daily-growth-loop-2026-07-17","2026-09-02","2026-09-09","Verified official Pure Pool Solutions contact page on 2026-07-17; the page returned 200 and exposed info@purepoolsolutionsfl.com. Exact Gmail recipient-history search found no messages. Good lane for service-owner workflow feedback around maintenance, water balancing, repair notes, and proof photos without diagnosis, treatment guarantee, or endorsement claims. Sent 2026-09-02 closing-season campaign from frost@belowzeromedia.com, one-to-one/no BCC, reply-to hello@splashlens.com, Gmail id 1a06398a8f4be447, utm_content pure_pool_solutions. Immediate delivery-failure search found no bounce."
"Starfish Aquatics Institute","Training/CPO provider","3","jill@sai-intl.org","https://www.floridahealth.gov/wp-content/uploads/2026/01/servicetechniciancertificationcourses.pdf","sent","training_cpo","splashlens-daily-growth-loop-2026-07-20","2026-09-02","2026-09-09","Verified 2026-07-20 from the Florida Department of Health approved public-pool-service-technician-courses PDF, which lists Starfish Aquatics Institute and jill@sai-intl.org. Exact Gmail recipient-history search found no messages. Use operator-training/resource feedback angle only. Sent 2026-09-02 closing-season campaign from frost@belowzeromedia.com, one-to-one/no BCC, reply-to hello@splashlens.com, Gmail id 1a06398ebca714ea, utm_content starfish_aquatics_institute. Immediate delivery-failure search found no bounce."
"Atlantic Aquatech","Training/CPO provider","3","brad@atlanticaquatechpools.com","https://health.maryland.gov/phpa/oehfp/chs/documents/pool%20documents/pool%20operator%20courses%20approved%20by%20mdh_01_07_21.pdf","sent","training_cpo","splashlens-daily-growth-loop-2026-07-20","2026-07-23","2026-07-30","Sent one-to-one 2026-07-23 after clean Gmail history and stop-signal sweep. Subject: Field-reference feedback for pool operator training. Gmail id 19f8f31fedb0d74c."
"Patriot Pool Service","Service-owner / pool operator course provider","3","info@patriotpoolservice.com","https://health.maryland.gov/phpa/oehfp/chs/documents/pool%20documents/pool%20operator%20courses%20approved%20by%20mdh_01_07_21.pdf","sent","service_owner_influencer","splashlens-daily-growth-loop-2026-07-20","2026-07-23","2026-07-30","Sent one-to-one 2026-07-23 after clean Gmail history and stop-signal sweep. Subject: Could SplashLens support operator-course field follow-through? Gmail id 19f8f3203149fea0."
"Pool Supply Warehouse","Service-owner / equipment installation, repair, and maintenance company","3","info@poolsupplywarehouseinc.com","https://www.psw-az.com/weekly-pool-maintenance","sent","service_owner_influencer","splashlens-daily-growth-loop-2026-07-20","2026-09-02","2026-09-09","Verified official Pool Supply Warehouse weekly-maintenance page on 2026-07-20; the page visibly lists info@poolsupplywarehouseinc.com after ignoring placeholder form text, and exact Gmail recipient-history search found no messages. Good lane for maintenance, equipment-install, and owner-facing proof workflow feedback without diagnosis, warranty, fitment, or endorsement claims. Sent 2026-09-02 closing-season campaign from frost@belowzeromedia.com, one-to-one/no BCC, reply-to hello@splashlens.com, Gmail id 1a063992884ba8a2, utm_content pool_supply_warehouse. Immediate delivery-failure search found no bounce."
"All Pure Pool Service","Service-owner / weekly service and repair company","3","allpure@softcom.net","https://www.allpurepoolservice.com/","sent","service_owner_influencer","splashlens-daily-growth-loop-2026-07-20","2026-07-23","2026-07-30","Sent one-to-one 2026-07-23 after clean Gmail history and stop-signal sweep. Subject: Could this make weekly service documentation easier? Gmail id 19f8f31fcf882aab."
"Sunny Life Pool Service & Repair","Service-owner / weekly pool cleaning and repair company","3","matt@sunnylifepools.com","https://sunnylifepools.com/","sent","service_owner_influencer","splashlens-daily-growth-loop-2026-07-20","2026-07-27","2026-07-31","Verified official Sunny Life Pool Service & Repair site on 2026-07-20 and reverified 2026-07-27; the page visibly lists matt@sunnylifepools.com and exact recipient/domain Gmail history was clean before send. Sent one-to-one field-workflow test 2026-07-27; Gmail id 19fa3edc1d7cd2d0."
"Swim State Pool Service","Service-owner / cleaning, repair, and renovation company","3","swimstatepoolservicellc@gmail.com","https://swimstatepoolservice.com/contact-us/","sent","service_owner_influencer","splashlens-daily-growth-loop-2026-07-20","2026-09-02","2026-09-09","Verified official Swim State Pool Service contact page on 2026-07-20; the page visibly lists swimstatepoolservicellc@gmail.com and exact Gmail recipient-history search found no messages. Good lane for cleaning, repair, renovation, and CPO-adjacent service-proof workflow feedback without diagnosis, guarantee, or affiliation claims. Sent 2026-09-02 closing-season campaign from frost@belowzeromedia.com, one-to-one/no BCC, reply-to hello@splashlens.com, Gmail id 1a063995f84253ba, utm_content swim_state_pool_service. Immediate delivery-failure search found no bounce."
"Swimming Pool and Spa Association on-site testing","Training/CPO provider","3","poolandspaassociation@yahoo.com","https://poolandspaassociation.com/lifeguard-class/","needs-verification","training_partner","splashlens","","","Verified official Swimming Pool and Spa Association on-site testing/contact page on 2026-07-21; page/search result lists poolandspaassociation@yahoo.com for arranging staff exams and exact Gmail recipient-history search found no messages. Good lane for Facility Assist, contamination/checklist workflows, and Learning OS/training-resource feedback without certification, endorsement, or official alignment claims. Fresh preflight 2026-09-02 held row: source URL returned HTTP 500, so no outreach sent until a current public contact path is reverified."
"The Alpha Group","Manufacturer representative / product training","2","hello@alphawest.com","https://alphawest.com/contact/","sent","manufacturer_rep_resource","splashlens-lane-expansion-2026-07-23","2026-07-31","2026-08-07","Official page, mailbox history, and MX reverified 2026-07-31. Sent one-to-one request to test one real product family or vague field question against SplashLens proof prompts. Gmail id 19fb86a65b34e6ea. No partnership, manufacturer-authority, diagnosis, or fitment claim."
"Performance Link Rep Group","Manufacturer representative / field support","2","info@plrepgroup.com","https://performancelinkrepgroup.com/contact/","sent","manufacturer_rep_resource","splashlens-lane-expansion-2026-07-23","2026-08-05","2026-08-12","Verified official contact page on 2026-07-23; it lists info@plrepgroup.com and the firm represents pool and spa manufacturers across the Southeast, Latin America, and Caribbean. Exact Gmail recipient and domain-history searches found no messages. Use a rep-to-tech feedback angle for product proof, training follow-through, and fewer avoidable support calls. Sent 2026-08-05 one-to-one cleaner proof before support calls ask. Gmail id 19fd248b35a3051f. Tracked app link lead_id=plrepgroup-20260805. No BCC. Ends Talk Soon."
"Southeast Leisure Reps","Manufacturer representative / product education","2","sales@seleisurereps.com","https://www.seleisurereps.com/contact-us","sent","manufacturer_rep_resource","splashlens-lane-expansion-2026-07-23","2026-08-05","2026-08-12","Verified official contact page on 2026-07-23; it lists sales@seleisurereps.com. Exact Gmail recipient and domain-history searches found no messages. Use a practical product-education and field-proof feedback ask, with no endorsement or representation claim. Sent 2026-08-05 one-to-one field-proof test ask. Gmail id 19fd248d622c931c. Tracked app link lead_id=seleisurereps-20260805. No BCC. Ends Talk Soon."
"Devin Cahn Associates","Manufacturer representative / product evaluation","2","info@dca-sales.com","https://devincahnassociates.com/","sent","manufacturer_rep_resource","splashlens-lane-expansion-2026-07-23","2026-08-05","2026-08-12","Verified official company site on 2026-07-23 and current public corporate route info@dca-sales.com; the firm coordinates seminars, product evaluations, distributors, dealers, service, automation, lighting, chemicals, and robots. Exact Gmail recipient and domain-history searches found no messages. Pitch a field-safe product-proof and technician feedback route only. Sent 2026-08-05 one-to-one field proof before product escalations ask. Gmail id 19fd2487d8e81a40. Tracked app link lead_id=dca-sales-20260805. No BCC. Ends Talk Soon."
"MAST Sales Group","Manufacturer representative / dealer enablement","2","dan@mastsalesgroup.com","https://mastsalesgroup.com/contact","sent","manufacturer_rep_resource","splashlens-lane-expansion-2026-07-23","2026-07-27","2026-07-31","Verified official contact page again on 2026-07-27; it lists president Dan Bakotic at dan@mastsalesgroup.com and describes pool/spa dealer support, technical product knowledge, training, and sales enablement. Exact recipient/domain Gmail history and MX were clean before send. Sent one-to-one field-proof test 2026-07-27; Gmail id 19fa3ed42a193d10."
"Aqua Quest","Manufacturer representative / product support","2","sales@aquaquest.net","https://www.aquaquest.net/","sent","manufacturer_rep_resource","splashlens-lane-expansion-2026-07-23","2026-08-05","2026-08-12","Verified current 2025-2026 official Aqua Quest catalog and public sales@aquaquest.net route on 2026-07-23; the firm supports manufacturers, distributors, dealers, builders, and service professionals across Northeast, Mid-Atlantic, and New England markets. Exact Gmail recipient and domain-history searches found no messages. Use a proof-before-escalation and field-training feedback angle. Sent 2026-08-05 one-to-one rep/product proof feedback ask. Gmail id 19fd24824d9534e1. Tracked app link lead_id=aquaquest-20260805. No BCC. Ends Talk Soon."
"Byrd Moreton & Associates","Manufacturer representative / regional support","3","byrdmoreton@aol.com","https://www.unicelfilters.com/customer-support-team/","sent","manufacturer_rep_resource","splashlens-lane-expansion-2026-07-23","2026-09-02","2026-09-09","Verified 2026-07-23 on Unicel's official customer-support page, which lists Byrd Moreton & Associates and this public Florida regional-sales address. Exact Gmail recipient and domain-history searches found no messages. Treat as a regional rep-resource route and ask for field-workflow feedback; do not imply Unicel endorsement or affiliation. Sent 2026-09-02 closing-season campaign from frost@belowzeromedia.com, one-to-one/no BCC, reply-to hello@splashlens.com, Gmail id 1a0639997379a41e, utm_content byrd_moreton_associates. Immediate delivery-failure search found no bounce."
"B&A Sales","Manufacturer representative / spa and pool channel","3","basales@basalesreps.com","https://www.basalesreps.com/","sent","manufacturer_rep_resource","splashlens-lane-expansion-2026-07-23","2026-09-02","2026-09-09","Verified official company site on 2026-07-23; it lists basales@basalesreps.com and describes pool/spa manufacturer representation for OEMs, distributors, retailers, and builders. Exact Gmail recipient and domain-history searches found no messages. Use spa and pool part-proof, support-routing, and product-feedback language without any representation or partnership claim. Sent 2026-09-02 closing-season campaign from frost@belowzeromedia.com, one-to-one/no BCC, reply-to hello@splashlens.com, Gmail id 1a06399d30d5c4a0, utm_content ba_sales_reps. Immediate delivery-failure search found no bounce."
"JRod Pool Service mentorship","Service-business mentor / field educator","3","info@jrodpoolservice.com","https://www.jrodpoolservice.com/about-opening-pool-business","sent","service_business_education","splashlens-lane-expansion-2026-07-23","2026-07-31","2026-08-07","Official page, mailbox history, and MX reverified 2026-07-31. Sent one-to-one request for a newer or solo tech to test one real service stop and report where the app helps or slows them down. Gmail id 19fb86a66c8c2c24."
"Aquastar Consulting","Aquatic facility risk / staff training","2","bkloberdanz@aquastarconsulting.com","https://www.aquastarconsulting.com/","sent","facility_training_resource","splashlens-lane-expansion-2026-07-23","2026-07-27","2026-07-31","Verified official site again on 2026-07-27; it lists Barb Kloberdanz at bkloberdanz@aquastarconsulting.com and describes aquatic-facility operations, maintenance recommendations, and staff training. Exact recipient/domain Gmail history and MX were clean before send. Sent one-to-one Facility Assist feedback ask 2026-07-27; Gmail id 19fa3ed6aea0f999."
"Pool Builder Marketing","Pool-business education / newsletter","3","info@poolbuildermarketing.com","https://www.poolbuildermarketing.com/contact-us/","replied","service_business_education","splashlens-lane-expansion-2026-07-23","2026-09-02","","Verified official contact page on 2026-07-23; it lists info@poolbuildermarketing.com and offers coaching plus a pool-business newsletter. Exact Gmail recipient and domain-history searches found no messages. Ask for a blunt business-owner workflow test or correct resource/newsletter route, emphasizing time back and fewer callbacks rather than generic AI promotion. Sent 2026-09-02 closing-season campaign from frost@belowzeromedia.com, one-to-one/no BCC, reply-to hello@splashlens.com, Gmail id 1a0639a0768e4c1b, utm_content pool_builder_marketing. Human reply received 2026-09-02 from Brett Abbott <brett@mymaustin.com>, Gmail id 1a063de4db692efc, asking for company background, location, time in business, 4-user pricing, and ideal-client fit. Reply sent 2026-09-02 from frost@belowzeromedia.com to Brett Abbott <brett@mymaustin.com>, reply-to hello@splashlens.com, Gmail id 1a0641ddf463a0e0. Warm thread only; no further cold follow-up."
"JJ Elite Pool Service","Spanish-language service company / field tester","3","jjelite.poolservice@gmail.com","https://jjelitepoolserice.com/","bounced","spanish_field_tester","splashlens-lane-expansion-2026-07-23","2026-07-31","","Official Spanish-language service site and MX reverified 2026-07-31, but the one-to-one Spanish field-test invite immediately hard-bounced. Gmail send id 19fb86a68d155a60; DSN id 19fb86a6cdb49d4c; response 550 5.1.1 address not found or unable to receive mail. Suppress this address permanently unless the company publishes and verifies a replacement route."
"Pool Supply Now","Independent equipment retailer / parts support","3","support@poolsupplynow.com","https://poolsupplynow.com/pages/contact","sent","parts_counter_resource","splashlens-midwest-winddown-2026-08-07","2026-08-07","2026-08-12","Reverified 2026-08-07: official source URL returned 200, exact Gmail history was empty, MX resolved. Sent one-to-one season wind-down supplier/product proof prompt email 2026-08-07 with tracked campaign link; Gmail id 19fddec087f24c7e. No BCC. No diagnosis, fitment, warranty, endorsement, or affiliation claim."
"Lodore Pool Products","Equipment supplier / service and repair support","3","info@lodorepool.com","https://www.lodorepool.com/contact-us","sent","parts_counter_resource","splashlens-midwest-winddown-2026-08-07","2026-08-07","2026-08-12","Reverified 2026-08-07: official source URL returned 200, exact Gmail history was empty, MX resolved. Sent one-to-one season wind-down support-proof prompt email 2026-08-07 with tracked campaign link; Gmail id 19fddec272e4e5c3. No BCC. No diagnosis, fitment, warranty, endorsement, or affiliation claim."
"Sani Marc Pools & Spas","Canada distributor / water-treatment training","2","","https://www.sanimarc.com/sani-marc-pools-and-spas","needs-contact","canada_training_distribution","splashlens-lane-expansion-2026-07-23","","2026-07-24","Official current pool-and-spa page verified 2026-07-23; Sani Marc describes Canadian retailer/professional support, water-testing software, staff training, and an eAcademy. No clean public pool/spa business email was exposed in the official fetched page, so keep needs-contact until a current intended business route is manually verified."
"Callen Pool Supply","Independent pool supply store / parts support","3","1callen@sbcglobal.net","https://www.callenpoolsupply.com/contact-us/","sent","parts_counter_resource","splashlens-lane-expansion-2026-07-23","2026-07-27","2026-07-31","Verified official contact page again on 2026-07-27; it lists 1callen@sbcglobal.net and frames Callen as a pool and spa supply shop with repairs, field labor, and water testing. Exact recipient/domain Gmail history and MX were clean before send. Sent one-to-one proof-before-ordering test 2026-07-27; Gmail id 19fa3edf56efd104."
"American Pool Supply","Independent pool supply retailer / weekly service support","3","dave@americanpoolsupplyinc.com","https://americanpoolsupplyinc.com/contact-us/","sent","parts_counter_resource","splashlens-lane-expansion-2026-07-23","2026-07-27","2026-07-31","Verified official contact page again on 2026-07-27; it lists dave@americanpoolsupplyinc.com and the site offers pool products, parts, service, repair, weekly maintenance, and spas. Exact recipient/domain Gmail history and MX were clean before send. Sent one-to-one counter-proof workflow test 2026-07-27; Gmail id 19fa3eda02d638ee."
"Aquatic Management Services","Commercial aquatic consulting / facility operator support","2","info@aquaticms.com","https://aquaticms.com/aquatic-consulting-services/","sent","facility_training_resource","splashlens-lane-expansion-2026-07-23","2026-07-31","2026-08-07","Official consulting page, mailbox history, and MX reverified 2026-07-31. Sent one-to-one request to test one realistic Facility Assist scenario for operator clarity and escalation needs. Gmail id 19fb86a6ab5d5666. No code, safety, training-approval, or diagnostic authority claim."
"Pool Services Group","Distributor / dealer / installer support","3","sales@poolservicesgroup.com","https://poolservicesgroup.com/","sent","integration_resource","splashlens-lane-expansion-2026-07-23","2026-07-31","2026-08-07","Official site, mailbox history, and MX reverified 2026-07-31. Sent one-to-one request for counter or support staff to test one difficult equipment or part request and identify missing order-ready proof. Gmail id 19fb86a6cfad13fe. No partnership, endorsement, fitment, or authority claim."
"Vacless Systems","SVRS / pool safety equipment manufacturer","2","sales@vacless.com","https://vacless.com/about/","sent","manufacturer_verification","splashlens-creative-expansion-2026-07-31","2026-09-02","2026-09-09","Verified 2026-07-31 on the official Vacless about page, which returned 200 and explicitly lists sales@vacless.com for dealers and distributors. Exact Gmail history was empty and MX resolved. Use a field-proof and escalation-quality angle around SVRS model, installation, event, and evidence prompts; never claim safety, code, diagnostic, warranty, or manufacturer authority. Sent 2026-09-02 closing-season campaign from frost@belowzeromedia.com, one-to-one/no BCC, reply-to hello@splashlens.com, Gmail id 1a0639a3e8ac739c, utm_content vacless_systems. Immediate delivery-failure search found no bounce."
"JED Pool Tools","Pool maintenance tools manufacturer","3","sales@jedpooltools.com","https://jedpooltools.com/contact/","sent","parts_accessories","splashlens-midwest-winddown-2026-08-07","2026-08-07","2026-08-12","Reverified 2026-08-07: official source URL returned 200, exact Gmail history was empty, MX resolved. Sent one-to-one season wind-down supplier/product proof prompt email 2026-08-07 with tracked campaign link; Gmail id 19fddec4c0d94073. No BCC. No diagnosis, fitment, performance, warranty, endorsement, or affiliation claim."
"Commercial Aquatic Services","Commercial pool service / chemical management","2","info@commercialaquatic.com","https://commercialaquatic.com/contact-us/","sent","facility_training_resource","splashlens-creative-expansion-2026-07-31","2026-08-05","2026-08-12","Verified 2026-07-31 on the official contact page, which returned 200 and lists info@commercialaquatic.com for new customer maintenance, repair, chemical-management, automation, and equipment needs. Exact Gmail history was empty and MX resolved. Use Facility Assist, service-proof, and escalation-quality feedback language without code, safety, treatment, diagnostic, or partnership claims. Sent 2026-08-05 one-to-one Facility Assist/service-proof feedback ask. Gmail id 19fd248514db963e. Tracked app link lead_id=commercialaquatic-20260805. No BCC. Ends Talk Soon."
"Pool Daddy Atlanta","CPO-led pool and spa service company","3","pooldaddyec@gmail.com","https://pooldaddy.net/","sent","field_tester","splashlens-creative-expansion-2026-07-31","2026-09-02","2026-09-09","Verified 2026-07-31 on the official Pool Daddy site, which returned 200 and lists pooldaddyec@gmail.com. The site describes CPO-led maintenance, repair, equipment, automation, and spa service. Exact Gmail history was empty and MX resolved. Good one-real-stop tester for lookup, proof, customer summary, and time-back workflow; no diagnosis, guarantee, or affiliation claims. Sent 2026-09-02 closing-season campaign from frost@belowzeromedia.com, one-to-one/no BCC, reply-to hello@splashlens.com, Gmail id 1a0639a75472cf9d, utm_content pool_daddy_atlanta. Immediate delivery-failure search found no bounce."
"Pride Pool Service Inc.","Midwest service company / repair and closing route","3","info@pridepoolservice.com","https://www.pridepoolservice.com/","sent","midwest_winddown_service","splashlens-midwest-winddown-research-2026-08-07","2026-08-23","2026-08-28","Added 2026-08-07 from official public site/search result. Source URL returned 200, lists Northshore Chicago/Illinois pool service, repair, maintenance, chemicals, restorations, and info@pridepoolservice.com. Exact Gmail history was empty and MX resolved. Use end-of-season field-test and cleaner-proof-before-closing/callback angle only. Sent 2026-08-23 one-to-one closing-season launch email; Gmail id 1a02cbb797c7d46e; tracked utm_content=pride_pool_service; copy kept free-core/reference-only/manual-verification and no insurance/coverage guarantee."
"Performance Pool & Spa Hudson","Midwest pool/spa retail and service support","3","sales@performancepools.com","https://performancepools.com/locations/hudson/","sent","midwest_winddown_supplier","splashlens-midwest-winddown-research-2026-08-07","2026-08-23","2026-08-28","Added 2026-08-07 from official Hudson/WI location page. Source URL returned 200 and lists sales@performancepools.com plus trained pool and spa experts across MN/WI stores. Exact Gmail history was empty and MX resolved. Use parts-counter/service-proof and one-real-end-of-season support scenario angle only. Sent 2026-08-23 one-to-one closing-season launch email; Gmail id 1a02cbb97c11a771; tracked utm_content=performance_pool_spa; copy kept free-core/reference-only/manual-verification and no insurance/coverage guarantee."
"Midwest Pool Supply","Midwest distributor / pool supply route","3","info@midwestpoolsupply.com","https://www.wisdells.com/suppliers/Midwest-Pool-Supply","sent","midwest_winddown_supplier","splashlens-midwest-winddown-research-2026-08-07","2026-08-23","2026-08-28","Added 2026-08-07 from public Wisconsin Dells supplier listing for Midwest Pool Supply. Source URL returned 200 and lists info@midwestpoolsupply.com, equipment, chemicals, supplies, and parts in stock. Exact Gmail history was empty and MX resolved. Use better-proof-before-parts-order angle only; no distributor partnership claim. Sent 2026-08-23 one-to-one closing-season launch email; Gmail id 1a02cbbbaec86e2f; tracked utm_content=midwest_pool_supply; copy kept free-core/reference-only/manual-verification and no insurance/coverage guarantee."
"Poolside Pools & Spas","Wisconsin pool/spa service and supply route","3","poolside@wi.rr.com","https://www.poolsideinfo.com/swimmingPoolCompanyContact","sent","midwest_winddown_service","splashlens-midwest-winddown-research-2026-08-07","2026-08-23","2026-08-28","Added 2026-08-07 from official Wisconsin contact page. Source URL returned 200 and lists poolside@wi.rr.com plus builders/sales/supplies/service contact details. Exact Gmail history was empty and MX resolved. Use season-close field-test and service-proof workflow angle only. Sent 2026-08-23 one-to-one closing-season launch email; Gmail id 1a02cbbe6b1f7225; tracked utm_content=poolside_pools_spas; copy kept free-core/reference-only/manual-verification and no insurance/coverage guarantee."
"Huntington Woods Pools & Spas","Michigan pool/spa service-call route","3","hwpools@yahoo.com","https://www.huntingtonwoodspools.com/","sent","midwest_winddown_service","splashlens-midwest-winddown-research-2026-08-07","2026-08-23","2026-08-28","Added 2026-08-07 from official site/search result. Source URL returned 200 and lists Royal Oak, MI service calls plus hwpools@yahoo.com. Exact Gmail history was empty and MX resolved. Use one service-call field-test angle only; no diagnostic or endorsement claim. Sent 2026-08-23 one-to-one closing-season launch email; Gmail id 1a02cbc0d9fb28e6; tracked utm_content=huntington_woods_pools; copy kept free-core/reference-only/manual-verification and no insurance/coverage guarantee."
"Goodman's Pool Service","Central Illinois service / opening-closing route","3","grant@goodmanspoolservice.com","https://goodmanspoolservice.com/","sent","midwest_winddown_service","splashlens-midwest-winddown-research-2026-08-07","2026-09-02","2026-09-09","Added 2026-08-07 from official Bloomington, IL site/search result. Source URL returned 200 and lists pool opening and closing, cover replacement, liner replacement, BioGuard certification, and grant@goodmanspoolservice.com. Exact Gmail history was empty and MX resolved. Use closing-season proof and one-real-stop feedback angle only. Sent 2026-09-02 closing-season campaign from frost@belowzeromedia.com, one-to-one/no BCC, reply-to hello@splashlens.com, Gmail id 1a0639aacefd2212, utm_content goodmans_pool_service. Immediate delivery-failure search found no bounce."
"Lotus Pools","Chicago-area pool service / repair route","3","support@lotuspools.com","https://lotuspools.com/","needs-verification","midwest_winddown_service","splashlens-midwest-winddown-research-2026-08-07","","","Added 2026-08-07 from search result that exposed support@lotuspools.com and Chicago suburban pool service context, but direct curl to the source URL returned 406. Exact Gmail history was empty and MX resolved. Keep needs-verification until a browser/manual check confirms the current public contact page; do not send from this row yet."
"23 Best Swimming Pool Podcasts to Listen to in 2026","Podcast/creator","3","anuj@feedspot.com","https://podcast.feedspot.com/swimming_pool_podcasts/","needs-verification","closing_season_review","splashlens","","","Discovered in 2026-08-20 closing-season scrape from public source page. Verify fit, suppression, and exact route before any send."
"23 Best Swimming Pool Podcasts to Listen to in 2026 (team@feedspot.com)","Podcast/creator","3","team@feedspot.com","https://podcast.feedspot.com/swimming_pool_podcasts/","needs-verification","closing_season_review","splashlens","","","Discovered in 2026-08-20 closing-season scrape from public source page. Verify fit, suppression, and exact route before any send."
"Contact the PSP Expo Team","Research/industry route","3","joshua.noah@informa.com","https://www.poolspapatio.com/experience/contact-us/","needs-verification","closing_season_review","splashlens","","","Discovered in 2026-08-20 closing-season scrape from public source page. Verify fit, suppression, and exact route before any send."
"Contact the PSP Expo Team (kristian.adams@informa.com)","Research/industry route","3","kristian.adams@informa.com","https://www.poolspapatio.com/experience/contact-us/","needs-verification","closing_season_review","splashlens","","","Discovered in 2026-08-20 closing-season scrape from public source page. Verify fit, suppression, and exact route before any send."
"Contact the PSP Expo Team (megan.magana@informa.com)","Research/industry route","3","megan.magana@informa.com","https://www.poolspapatio.com/experience/contact-us/","needs-verification","closing_season_review","splashlens","","","Discovered in 2026-08-20 closing-season scrape from public source page. Verify fit, suppression, and exact route before any send."
"Contact the PSP Expo Team (shawn.watts@informa.com)","Research/industry route","3","shawn.watts@informa.com","https://www.poolspapatio.com/experience/contact-us/","needs-verification","closing_season_review","splashlens","","","Discovered in 2026-08-20 closing-season scrape from public source page. Verify fit, suppression, and exact route before any send."
"Contact the PSP Expo Team (steve.schlange@informa.com)","Research/industry route","3","steve.schlange@informa.com","https://www.poolspapatio.com/experience/contact-us/","needs-verification","closing_season_review","splashlens","","","Discovered in 2026-08-20 closing-season scrape from public source page. Verify fit, suppression, and exact route before any send."
"Contact the PSP Expo Team (tami.svarfvar@informa.com)","Research/industry route","3","tami.svarfvar@informa.com","https://www.poolspapatio.com/experience/contact-us/","needs-verification","closing_season_review","splashlens","","","Discovered in 2026-08-20 closing-season scrape from public source page. Verify fit, suppression, and exact route before any send."
"Contact the PSP Expo Team (tony.wilson@informa.com)","Research/industry route","3","tony.wilson@informa.com","https://www.poolspapatio.com/experience/contact-us/","needs-verification","closing_season_review","splashlens","","","Discovered in 2026-08-20 closing-season scrape from public source page. Verify fit, suppression, and exact route before any send."
"Press & Media","Podcast/creator","3","constructionpr@informa.com","https://www.poolspapatio.com/experience/press/","needs-verification","closing_season_review","splashlens","","","Discovered in 2026-08-20 closing-season scrape from public source page. Verify fit, suppression, and exact route before any send."
"Press & Media (prconstructionpr@informa.com)","Podcast/creator","3","prconstructionpr@informa.com","https://www.poolspapatio.com/experience/press/","needs-verification","closing_season_review","splashlens","","","Discovered in 2026-08-20 closing-season scrape from public source page. Verify fit, suppression, and exact route before any send."
"Russo's Pool and Spa","Midwest pool/spa service and retail","3","info@RussosPoolandSpa.com","https://www.russospoolandspa.com/chicago-pool-builder-elmhurst-hot-tub-dealer/service/","sent","midwest_winddown_service","splashlens-midwest-queue-2026-09-02","2026-09-10","2026-09-14","Fresh verified 2026-09-02: official service page returned 200, email visible on page, MX resolved, not already in queue, exact Gmail history empty. Use closing-season one-real-stop feedback angle; no diagnosis, warranty, fitment, or affiliation claims. Sent 2026-09-10 one-to-one from frost@belowzeromedia.com with Reply-To hello@splashlens.com; subject closing-season field workflow; tracked closing_season_2026 campaign link; no BCC; opt-out sentence included."
"Above Ground Professionals","Wisconsin above-ground pool install/repair","3","info@abovegroundprofessionals.com","https://www.abovegroundprofessionals.com/","sent","midwest_winddown_service","splashlens-midwest-queue-2026-09-02","2026-09-10","2026-09-14","Fresh verified 2026-09-02: official contact page returned 200, email visible on page, MX resolved, not already in queue, exact Gmail history empty. Use closing-season/liner/above-ground proof workflow angle; no diagnosis, warranty, fitment, or affiliation claims. Sent 2026-09-10 one-to-one from frost@belowzeromedia.com with Reply-To hello@splashlens.com; subject closing-season field workflow; tracked closing_season_2026 campaign link; no BCC; opt-out sentence included."
"Power Pool Service","Wisconsin pool service company","3","frank@powerpoolservice.com","https://powerpoolservice.com/contact/","sent","midwest_winddown_service","splashlens-midwest-queue-2026-09-02","2026-09-10","2026-09-14","Fresh verified 2026-09-02: official contact page returned 200, email visible on page, MX resolved, not already in queue, exact Gmail history empty. Use Milwaukee-area closing-season field-test angle; no diagnosis, warranty, fitment, or affiliation claims. Sent 2026-09-10 one-to-one from frost@belowzeromedia.com with Reply-To hello@splashlens.com; subject closing-season field workflow; tracked closing_season_2026 campaign link; no BCC; opt-out sentence included."
"Splash Custom Pools and Spas","Wisconsin pool/spa service and builder","3","contact@splashcustompools.com","https://splashcustompools.com/services/","sent","midwest_winddown_service","splashlens-midwest-queue-2026-09-02","2026-09-10","2026-09-14","Fresh verified 2026-09-02: official services page returned 200, email visible on page, MX resolved, not already in queue, exact Gmail history empty. Use pool/spa service proof and closing-season workflow angle; no diagnosis, warranty, fitment, or affiliation claims. Sent 2026-09-10 one-to-one from frost@belowzeromedia.com with Reply-To hello@splashlens.com; subject closing-season field workflow; tracked closing_season_2026 campaign link; no BCC; opt-out sentence included."
"St. John Pool Center","Northwest Indiana pool service and repair","3","stjohnpoolcenter@gmail.com","https://www.stjohnpoolcenter.com/","sent","midwest_winddown_service","splashlens-midwest-queue-2026-09-02","2026-09-10","2026-09-14","Fresh verified 2026-09-02: official site returned 200, email visible on page, MX resolved, not already in queue, exact Gmail history empty. Use Northwest Indiana service/repair and closing-season angle; no diagnosis, warranty, fitment, or affiliation claims. Sent 2026-09-10 one-to-one from frost@belowzeromedia.com with Reply-To hello@splashlens.com; subject closing-season field workflow; tracked closing_season_2026 campaign link; no BCC; opt-out sentence included."
"Forrester & Sons Pool Service","Indiana pool service and repair","3","forresterpoolservice@gmail.com","https://www.forresterpoolservice.com/","sent","midwest_winddown_service","splashlens-midwest-queue-2026-09-02","2026-09-10","2026-09-14","Fresh verified 2026-09-02: official site returned 200, email visible on page, MX resolved, not already in queue, exact Gmail history empty. Use Indiana pool service closing-season field-test angle; no diagnosis, warranty, fitment, or affiliation claims. Sent 2026-09-10 one-to-one from frost@belowzeromedia.com with Reply-To hello@splashlens.com; subject closing-season field workflow; tracked closing_season_2026 campaign link; no BCC; opt-out sentence included."
"The Pool People of Ohio","Ohio pool service and retail","3","jarrod@thepoolpeopleofohio.com","https://www.thepoolpeopleofohio.com/about-the-pool-people/Contact-Us-The-Pool-People.html","sent","midwest_winddown_service","splashlens-midwest-queue-2026-09-02","2026-09-10","2026-09-14","Fresh verified 2026-09-02: official contact page returned 200, email visible on page, MX resolved, not already in queue, exact Gmail history empty. Use Ohio pool service/retail counter-proof angle; no diagnosis, warranty, fitment, or affiliation claims. Sent 2026-09-10 one-to-one from frost@belowzeromedia.com with Reply-To hello@splashlens.com; subject closing-season field workflow; tracked closing_season_2026 campaign link; no BCC; opt-out sentence included."
"Four Seasons Pool Saint Charles","Missouri residential pool service","3","stcsales@fsp-stl.com","https://www.fourseasonspool.com/home-pool-service","sent","midwest_winddown_service","splashlens-midwest-queue-2026-09-02","2026-09-10","2026-09-14","Fresh verified 2026-09-02: official service page returned 200, email visible on page, MX resolved, not already in queue, exact Gmail history empty. Use St. Charles residential service/closing workflow angle; no diagnosis, warranty, fitment, or affiliation claims. Sent 2026-09-10 one-to-one from frost@belowzeromedia.com with Reply-To hello@splashlens.com; subject closing-season field workflow; tracked closing_season_2026 campaign link; no BCC; opt-out sentence included."
"Four Seasons Pool Wentzville","Missouri residential pool service","3","wtzsales@fsp-stl.com","https://www.fourseasonspool.com/home-pool-service","sent","midwest_winddown_service","splashlens-midwest-queue-2026-09-02","2026-09-10","2026-09-14","Fresh verified 2026-09-02: official service page returned 200, Wentzville email visible on page, MX resolved, not already in queue, exact Gmail history empty. Use Wentzville residential service/closing workflow angle; no diagnosis, warranty, fitment, or affiliation claims. Sent 2026-09-10 one-to-one from frost@belowzeromedia.com with Reply-To hello@splashlens.com; subject closing-season field workflow; tracked closing_season_2026 campaign link; no BCC; opt-out sentence included."
"Pool Pros Ohio","Ohio pool service and maintenance","3","service@poolprosohio.com","https://www.poolprosohio.com/pool-services","sent","midwest_winddown_service","splashlens-midwest-queue-2026-09-02","2026-09-10","2026-09-14","Fresh verified 2026-09-02: official service page returned 200, email visible on page, MX resolved, not already in queue, exact Gmail history empty. Use Ohio maintenance/closing-season proof workflow angle; no diagnosis, warranty, fitment, or affiliation claims. Sent 2026-09-10 one-to-one from frost@belowzeromedia.com with Reply-To hello@splashlens.com; subject closing-season field workflow; tracked closing_season_2026 campaign link; no BCC; opt-out sentence included."
"Kalifornia Pool","Minnesota pool service, automation, lighting, spa","3","info@k-pool.com","https://k-pool.com/service/","sent","midwest_winddown_service","splashlens-midwest-queue-2026-09-02","2026-09-10","2026-09-14","Fresh verified 2026-09-02: official service page returned 200, email visible on page, MX resolved, not already in queue, exact Gmail history empty. Use automation/lighting/spa plus closing-season field-test angle; no diagnosis, warranty, fitment, or affiliation claims. Sent 2026-09-10 one-to-one from frost@belowzeromedia.com with Reply-To hello@splashlens.com; subject closing-season field workflow; tracked closing_season_2026 campaign link; no BCC; opt-out sentence included."
"Paradise Pools Kentucky","Kentucky pool service/opening-closing","3","sales@paradisepoolsky.com","https://www.paradisepoolsco.com/pool-services","sent","midwest_winddown_service","splashlens-midwest-queue-2026-09-02","2026-09-10","2026-09-14","Fresh verified 2026-09-02: official pool-services page returned 200, email visible on page, MX resolved, not already in queue, exact Gmail history empty. Use Kentucky closing-season field-test angle; no diagnosis, warranty, fitment, or affiliation claims. Sent 2026-09-10 one-to-one from frost@belowzeromedia.com with Reply-To hello@splashlens.com; subject closing-season field workflow; tracked closing_season_2026 campaign link; no BCC; opt-out sentence included."
"Great Lakes Pool Services","Ohio pool/spa repair and renovation","3","greatlakespoolservices@gmail.com","https://www.greatlakespoolservices.com/","sent","midwest_winddown_service","splashlens-midwest-queue-2026-09-02","2026-09-10","2026-09-14","Fresh verified 2026-09-02: official site returned 200, email visible on page, MX resolved, not already in queue, exact Gmail history empty. Use Ohio pool/spa repair and proof-before-callback angle; no diagnosis, warranty, fitment, or affiliation claims. Sent 2026-09-10 one-to-one from frost@belowzeromedia.com with Reply-To hello@splashlens.com; subject closing-season field workflow; tracked closing_season_2026 campaign link; no BCC; opt-out sentence included."
"OC Pools Ohio","Ohio pool service","3","oscar.ocswimmingpools@gmail.com","https://www.ocpoolsoh.com/","sent","midwest_winddown_service","splashlens-midwest-queue-2026-09-02","2026-09-10","2026-09-14","Fresh verified 2026-09-02: official site returned 200, email visible on page, MX resolved, not already in queue, exact Gmail history empty. Use Ohio pool service one-real-stop field-test angle; no diagnosis, warranty, fitment, or affiliation claims. Sent 2026-09-10 one-to-one from frost@belowzeromedia.com with Reply-To hello@splashlens.com; subject closing-season field workflow; tracked closing_season_2026 campaign link; no BCC; opt-out sentence included."
"All Minnesota Pools","Minnesota pool service and builder","3","ALLMNPOOLS@gmail.com","https://allmnpools.com/","sent","midwest_winddown_service","splashlens-midwest-queue-2026-09-02","2026-09-10","2026-09-14","Fresh verified 2026-09-02: official site returned 200, email visible on page, MX resolved, not already in queue, exact Gmail history empty. Use Minnesota closing-season field-test angle; no diagnosis, warranty, fitment, or affiliation claims. Sent 2026-09-10 one-to-one from frost@belowzeromedia.com with Reply-To hello@splashlens.com; subject closing-season field workflow; tracked closing_season_2026 campaign link; no BCC; opt-out sentence included."
"All Minnesota Pools Savage","Minnesota pool service and builder","3","ALLMNPOOLZ@gmail.com","https://allmnpools.com/","sent","midwest_winddown_service","splashlens-midwest-queue-2026-09-02","2026-09-10","2026-09-14","Fresh verified 2026-09-02: official site returned 200, second location email visible on page, MX resolved, not already in queue, exact Gmail history empty. Use Minnesota closing-season field-test angle; no diagnosis, warranty, fitment, or affiliation claims. Sent 2026-09-10 one-to-one from frost@belowzeromedia.com with Reply-To hello@splashlens.com; subject closing-season field workflow; tracked closing_season_2026 campaign link; no BCC; opt-out sentence included."
"Elite Pool Service KC","Missouri pool service and retail","3","Emily@elitepoolkc.com","https://www.elitepoolkc.com/","sent","midwest_winddown_service","splashlens-midwest-queue-2026-09-02","2026-09-10","2026-09-14","Fresh verified 2026-09-02: official site returned 200, email visible on page, MX resolved, not already in queue, exact Gmail history empty. Use KC pool service/retail field-proof angle; no diagnosis, warranty, fitment, or affiliation claims. Sent 2026-09-10 one-to-one from frost@belowzeromedia.com with Reply-To hello@splashlens.com; subject closing-season field workflow; tracked closing_season_2026 campaign link; no BCC; opt-out sentence included."
"Elite Pool Service KC Service","Missouri pool service and retail","3","Rocky@elitepoolkc.com","https://www.elitepoolkc.com/","sent","midwest_winddown_service","splashlens-midwest-queue-2026-09-02","2026-09-10","2026-09-14","Fresh verified 2026-09-02: official site returned 200, service email visible on page, MX resolved, not already in queue, exact Gmail history empty. Use KC pool service/retail field-proof angle; no diagnosis, warranty, fitment, or affiliation claims. Sent 2026-09-10 one-to-one from frost@belowzeromedia.com with Reply-To hello@splashlens.com; subject closing-season field workflow; tracked closing_season_2026 campaign link; no BCC; opt-out sentence included."
"True Blue Pools Lexington","Kentucky pool service and retail","3","wyoung.truebluepools@gmail.com","https://truebluepoolslex.com/pool-closing-checklist-kentuckys-top-service/","sent","midwest_winddown_service","splashlens-midwest-queue-2026-09-02","2026-09-10","2026-09-14","Fresh verified 2026-09-02: official/site article page returned 200, email visible on page, MX resolved, not already in queue, exact Gmail history empty. Use Kentucky closing checklist and proof workflow angle; no diagnosis, warranty, fitment, or affiliation claims. Sent 2026-09-10 one-to-one from frost@belowzeromedia.com with Reply-To hello@splashlens.com; subject closing-season field workflow; tracked closing_season_2026 campaign link; no BCC; opt-out sentence included."
"After Hours Pool Service","New Jersey pool closing and service","3","ahps@verizon.net","https://www.afterhourspoolservice.com/pool-closings","sent","closing_season_service","splashlens-northeast-queue-2026-09-02","2026-09-10","2026-09-14","Fresh verified 2026-09-02: official pool-closing page returned 200, email visible on page, MX resolved, not already in queue, exact Gmail history empty. Use Northeast closing-season field-test angle; no diagnosis, warranty, fitment, or affiliation claims. Sent 2026-09-10 one-to-one from frost@belowzeromedia.com with Reply-To hello@splashlens.com; subject closing-season field workflow; tracked closing_season_2026 campaign link; no BCC; opt-out sentence included."
"All American Pool Service NJ/NY","New Jersey/New York pool service","3","kenaaps@yahoo.com","https://www.allamericanpool-service.com/pool-closing-services/hamburg-nj","sent","closing_season_service","splashlens-northeast-queue-2026-09-02","2026-09-10","2026-09-14","Fresh verified 2026-09-02: official pool-closing page returned 200, email visible on page, MX resolved, not already in queue, exact Gmail history empty. Use NJ/NY closing-season field-test angle; no diagnosis, warranty, fitment, or affiliation claims. Sent 2026-09-10 one-to-one from frost@belowzeromedia.com with Reply-To hello@splashlens.com; subject closing-season field workflow; tracked closing_season_2026 campaign link; no BCC; opt-out sentence included."
"Pools by Murphy","Connecticut pool service and renovation","3","service@poolsbymurphy.com","https://www.poolsbymurphy.com/service.html","sent","closing_season_service","splashlens-northeast-queue-2026-09-02","2026-09-10","2026-09-14","Fresh verified 2026-09-02: official service page returned 200, email visible on page, MX resolved, not already in queue, exact Gmail history empty. Use Connecticut closing/renovation proof-before-callback angle; no diagnosis, warranty, fitment, or affiliation claims. Sent 2026-09-10 one-to-one from frost@belowzeromedia.com with Reply-To hello@splashlens.com; subject closing-season field workflow; tracked closing_season_2026 campaign link; no BCC; opt-out sentence included."
"Cannonball Pools New Jersey","New Jersey pool service and retail","3","info@cannonballpoolsnj.com","https://cannonballpoolsnj.com/service-request-form/","sent","closing_season_service","splashlens-northeast-queue-2026-09-02","2026-09-10","2026-09-14","Fresh verified 2026-09-02: official service-request page returned 200, email visible on page, MX resolved, not already in queue, exact Gmail history empty. Use New Jersey service/retail proof workflow angle; no diagnosis, warranty, fitment, or affiliation claims. Sent 2026-09-10 one-to-one from frost@belowzeromedia.com with Reply-To hello@splashlens.com; subject closing-season field workflow; tracked closing_season_2026 campaign link; no BCC; opt-out sentence included."
"New Jersey Pool Management","New Jersey pool management and maintenance","3","contact@newjerseypoolmanagement.com","https://newjerseypoolmanagement.com/contact-us","sent","facility_service","splashlens-northeast-queue-2026-09-02","2026-09-10","2026-09-14","Fresh verified 2026-09-02: official contact page returned 200, email visible on page, MX resolved, not already in queue, exact Gmail history empty. Use facility/operator management and support packet angle; no code-compliance, diagnosis, warranty, fitment, or affiliation claims. Sent 2026-09-10 one-to-one from frost@belowzeromedia.com with Reply-To hello@splashlens.com; subject closing-season field workflow; tracked closing_season_2026 campaign link; no BCC; opt-out sentence included."
"Aquatic Pool Connecticut","Connecticut pool and spa service","3","info@aquaticpool.com","https://aquaticpool.com/pools-products-services/service-maintenance/","sent","closing_season_service","splashlens-northeast-queue-2026-09-02","2026-09-10","2026-09-14","Fresh verified 2026-09-02: official service-maintenance page returned 200, email visible on page, MX resolved, not already in queue, exact Gmail history empty. Use Connecticut pool/spa maintenance and closing-season field-test angle; no diagnosis, warranty, fitment, or affiliation claims. Sent 2026-09-10 one-to-one from frost@belowzeromedia.com with Reply-To hello@splashlens.com; subject closing-season field workflow; tracked closing_season_2026 campaign link; no BCC; opt-out sentence included."
